sequence,half_life_seconds,in_peptipedia,modifications,is_mod
GSIGAASMEF,2.7013,False,,False
IGAASMEFCF,0.0629,False,,False
AASMEFCFDV,0.0556,False,,False
SMEFCFDVFK,0.0103,False,,False
EFCFDVFKEL,0.0088,False,,False
CFDVFKELKV,0.0122,False,,False
DVFKELKVHH,0.0101,False,,False
FKELKVHHAN,0.0094,False,,False
ELKVHHANEN,0.1969,False,,False
KVHHANENIF,1.2897,False,,False
HHANENIFYC,0.0485,False,,False
ANENIFYCPI,0.1557,False,,False
ENIFYCPIAI,0.089,False,,False
IFYCPIAIMS,0.0469,False,,False
YCPIAIMSAL,0.2911,False,,False
PIAIMSALAM,0.1596,False,,False
AIMSALAMVY,0.0512,False,,False
MSALAMVYLG,0.0132,False,,False
ALAMVYLGAK,0.0077,False,,False
AMVYLGAKDS,0.0111,False,,False
VYLGAKDSTR,0.0135,False,,False
LGAKDSTRTQ,0.0122,False,,False
AKDSTRTQIN,0.0092,False,,False
DSTRTQINKV,0.021,False,,False
TRTQINKVVR,0.0027,False,,False
TQINKVVRFD,0.0094,False,,False
INKVVRFDKL,0.0069,False,,False
KVVRFDKLPG,0.0119,False,,False
VRFDKLPGFG,0.1526,False,,False
FDKLPGFGDS,25.2445,False,,False
KLPGFGDSIE,40.1296,False,,False
PGFGDSIEAQ,17.8114,False,,False
FGDSIEAQCG,7.122,False,,False
DSIEAQCGTS,13.4815,False,,False
IEAQCGTSVN,6.4814,False,,False
AQCGTSVNVH,4.3435,False,,False
CGTSVNVHSS,1.1378,False,,False
TSVNVHSSLR,0.1177,False,,False
VNVHSSLRDI,0.0148,False,,False
VHSSLRDILN,0.0527,False,,False
SSLRDILNQI,0.1504,False,,False
LRDILNQITK,0.0939,False,,False
DILNQITKPN,4.1593,False,,False
LNQITKPNDV,20.6999,False,,False
QITKPNDVYS,0.2963,False,,False
TKPNDVYSFS,0.012,False,,False
PNDVYSFSLA,0.0026,False,,False
DVYSFSLASR,0.0037,False,,False
YSFSLASRLY,0.0019,False,,False
FSLASRLYAE,0.0035,False,,False
LASRLYAEER,0.0031,False,,False
SRLYAEERYP,0.0052,False,,False
LYAEERYPIL,0.1052,False,,False
AEERYPILPE,11.4998,False,,False
ERYPILPEYL,1.466,False,,False
YPILPEYLQC,0.1016,False,,False
ILPEYLQCVK,0.3817,False,,False
PEYLQCVKEL,0.1101,False,,False
YLQCVKELYR,0.0263,False,,False
QCVKELYRGG,0.0128,False,,False
VKELYRGGLE,0.0225,False,,False
ELYRGGLEPI,0.0244,False,,False
GGLEPINFQT,0.0336,False,,False
LEPINFQTAA,0.0242,False,,False
PINFQTAADQ,0.0812,False,,False
NFQTAADQAR,0.1293,False,,False
QTAADQAREL,0.0514,False,,False
AADQARELIN,0.0325,False,,False
DQARELINSW,0.0224,False,,False
ARELINSWVE,0.0156,False,,False
ELINSWVESQ,1.2344,False,,False
INSWVESQTN,3.3348,False,,False
SWVESQTNGI,0.7564,False,,False
VESQTNGIIR,0.3309,False,,False
SQTNGIIRNV,0.0066,False,,False
TNGIIRNVLQ,0.0072,False,,False
GIIRNVLQPS,0.0038,False,,False
IRNVLQPSSV,0.0049,False,,False
NVLQPSSVDS,0.3384,False,,False
LQPSSVDSQT,0.1866,False,,False
PSSVDSQTAM,4.5647,False,,False
SVDSQTAMVL,0.2013,False,,False
DSQTAMVLVN,0.0195,False,,False
QTAMVLVNAI,0.0264,False,,False
AMVLVNAIVF,0.0165,False,,False
VLVNAIVFKG,0.0087,False,,False
VNAIVFKGLW,0.0051,False,,False
AIVFKGLWEK,0.0054,False,,False
VFKGLWEKAF,0.0039,False,,False
KGLWEKAFKD,0.0053,False,,False
LWEKAFKDED,0.0131,False,,False
EKAFKDEDTQ,0.0329,False,,False
AFKDEDTQAM,7.6573,False,,False
KDEDTQAMPF,0.6468,False,,False
EDTQAMPFRV,0.0033,False,,False
TQAMPFRVTE,0.0047,False,,False
AMPFRVTEQE,0.0063,False,,False
PFRVTEQESK,0.131,False,,False
RVTEQESKPV,2.1948,False,,False
TEQESKPVQM,19.4782,False,,False
QESKPVQMMY,3.8079,False,,False
SKPVQMMYQI,0.124,False,,False
PVQMMYQIGL,0.088,False,,False
QMMYQIGLFR,0.006,False,,False
MYQIGLFRVA,0.0025,False,,False
QIGLFRVASM,0.0015,False,,False
GLFRVASMAS,0.006,False,,False
FRVASMASEK,0.0082,False,,False
VASMASEKMK,0.1745,False,,False
SMASEKMKIL,0.0072,False,,False
EKMKILELPF,0.0135,False,,False
MKILELPFAS,0.0183,False,,False
ILELPFASGT,0.0767,False,,False
ELPFASGTMS,0.0648,False,,False
PFASGTMSML,3.844,False,,False
ASGTMSMLVL,0.1692,False,,False
GTMSMLVLLP,0.0949,False,,False
MSMLVLLPDE,0.0317,False,,False
MLVLLPDEVS,0.323,False,,False
LPDEVSGLEQ,0.3722,False,,False
DEVSGLEQLE,0.1719,False,,False
VSGLEQLESI,1.0014,False,,False
GLEQLESIIN,0.5162,False,,False
EQLESIINFE,0.0686,False,,False
LESIINFEKL,0.0663,False,,False
SIINFEKLTE,0.0667,False,,False
INFEKLTEWT,0.0541,False,,False
FEKLTEWTSS,0.0563,False,,False
KLTEWTSSNV,0.4176,False,,False
TEWTSSNVME,0.5842,False,,False
WTSSNVMEER,0.9286,False,,False
SSNVMEERKI,0.0399,False,,False
NVMEERKIKV,0.0072,False,,False
MEERKIKVYL,0.0037,False,,False
ERKIKVYLPR,0.0008,False,,False
KIKVYLPRMK,0.0017,False,,False
KVYLPRMKME,0.0044,False,,False
YLPRMKMEEK,0.0088,False,,False
PRMKMEEKYN,0.0056,False,,False
MKMEEKYNLT,0.0367,False,,False
MEEKYNLTSV,0.0093,False,,False
EKYNLTSVLM,0.0124,False,,False
YNLTSVLMAM,0.0294,False,,False
LTSVLMAMGI,0.0787,False,,False
SVLMAMGITD,0.1194,False,,False
LMAMGITDVF,0.8333,False,,False
AMGITDVFSS,0.0154,False,,False
GITDVFSSSA,0.0178,False,,False
TDVFSSSANL,0.019,False,,False
VFSSSANLSG,0.1849,False,,False
SSSANLSGIS,0.7012,False,,False
SANLSGISSA,0.6149,False,,False
NLSGISSAES,1.5216,False,,False
SGISSAESLK,0.5455,False,,False
ISSAESLKIS,0.0401,False,,False
SAESLKISQA,0.0451,False,,False
ESLKISQAVH,0.0465,False,,False
LKISQAVHAA,0.0192,False,,False
ISQAVHAAHA,0.1691,False,,False
QAVHAAHAEI,0.1777,False,,False
VHAAHAEINE,0.1356,False,,False
AAHAEINEAG,0.7772,False,,False
HAEINEAGRE,0.1388,False,,False
EINEAGREVV,0.1025,False,,False
NEAGREVVGS,0.1284,False,,False
AGREVVGSAE,0.0967,False,,False
REVVGSAEAG,1.7169,False,,False
VVGSAEAGVD,4.0618,False,,False
GSAEAGVDAA,3.1271,False,,False
AEAGVDAASV,0.0711,False,,False
AGVDAASVSE,0.0548,False,,False
VDAASVSEEF,0.0426,False,,False
AASVSEEFRA,0.0246,False,,False
SVSEEFRADH,0.0788,False,,False
SEEFRADHPF,0.0759,False,,False
EFRADHPFLF,0.0569,False,,False
RADHPFLFCI,0.0056,False,,False
DHPFLFCIKH,0.0042,False,,False
PFLFCIKHIA,0.0046,False,,False
LFCIKHIATN,0.0185,False,,False
CIKHIATNAV,0.0929,False,,False
KHIATNAVLF,0.0719,False,,False
IATNAVLFFG,0.0048,False,,False
TNAVLFFGRC,0.0015,False,,False
AVLFFGRCVS,0.0012,False,,False
VLFFGRCVSP,0.0014,False,,False
GSIGAASMEFCFDVFK,0.0097,False,,False
IGAASMEFCFDVFKEL,0.0084,False,,False
AASMEFCFDVFKELKV,0.0068,False,,False
SMEFCFDVFKELKVHH,0.0084,False,,False
EFCFDVFKELKVHHAN,0.0098,False,,False
CFDVFKELKVHHANEN,0.0103,False,,False
DVFKELKVHHANENIF,0.0201,False,,False
FKELKVHHANENIFYC,0.0074,False,,False
ELKVHHANENIFYCPI,0.0851,False,,False
KVHHANENIFYCPIAI,0.0892,False,,False
HHANENIFYCPIAIMS,0.0575,False,,False
ANENIFYCPIAIMSAL,0.0425,False,,False
ENIFYCPIAIMSALAM,0.0327,False,,False
IFYCPIAIMSALAMVY,0.0167,False,,False
YCPIAIMSALAMVYLG,0.0125,False,,False
PIAIMSALAMVYLGAK,0.0077,False,,False
AIMSALAMVYLGAKDS,0.0088,False,,False
MSALAMVYLGAKDSTR,0.0063,False,,False
ALAMVYLGAKDSTRTQ,0.0045,False,,False
AMVYLGAKDSTRTQIN,0.0037,False,,False
VYLGAKDSTRTQINKV,0.004,False,,False
LGAKDSTRTQINKVVR,0.0033,False,,False
AKDSTRTQINKVVRFD,0.0038,False,,False
DSTRTQINKVVRFDKL,0.0044,False,,False
TRTQINKVVRFDKLPG,0.0045,False,,False
TQINKVVRFDKLPGFG,0.0085,False,,False
INKVVRFDKLPGFGDS,0.0111,False,,False
KVVRFDKLPGFGDSIE,0.0131,False,,False
VRFDKLPGFGDSIEAQ,0.1209,False,,False
FDKLPGFGDSIEAQCG,5.693,False,,False
KLPGFGDSIEAQCGTS,6.4211,False,,False
PGFGDSIEAQCGTSVN,5.0348,False,,False
FGDSIEAQCGTSVNVH,1.3951,False,,False
DSIEAQCGTSVNVHSS,0.4688,False,,False
IEAQCGTSVNVHSSLR,0.193,False,,False
AQCGTSVNVHSSLRDI,0.0267,False,,False
CGTSVNVHSSLRDILN,0.0499,False,,False
TSVNVHSSLRDILNQI,0.1029,False,,False
VNVHSSLRDILNQITK,0.0614,False,,False
VHSSLRDILNQITKPN,0.1104,False,,False
SSLRDILNQITKPNDV,0.1963,False,,False
LRDILNQITKPNDVYS,0.0514,False,,False
DILNQITKPNDVYSFS,0.0223,False,,False
LNQITKPNDVYSFSLA,0.0054,False,,False
QITKPNDVYSFSLASR,0.0025,False,,False
TKPNDVYSFSLASRLY,0.0011,False,,False
PNDVYSFSLASRLYAE,0.0014,False,,False
DVYSFSLASRLYAEER,0.0011,False,,False
YSFSLASRLYAEERYP,0.0032,False,,False
FSLASRLYAEERYPIL,0.0031,False,,False
LASRLYAEERYPILPE,0.0023,False,,False
SRLYAEERYPILPEYL,0.0028,False,,False
LYAEERYPILPEYLQC,0.0281,False,,False
AEERYPILPEYLQCVK,0.2682,False,,False
ERYPILPEYLQCVKEL,0.1018,False,,False
YPILPEYLQCVKELYR,0.0298,False,,False
ILPEYLQCVKELYRGG,0.0143,False,,False
PEYLQCVKELYRGGLE,0.0152,False,,False
YLQCVKELYRGGLEPI,0.0093,False,,False
QCVKELYRGGLEPINF,0.0085,False,,False
VKELYRGGLEPINFQT,0.0052,False,,False
ELYRGGLEPINFQTAA,0.0085,False,,False
YRGGLEPINFQTAADQ,0.011,False,,False
GGLEPINFQTAADQAR,0.0207,False,,False
LEPINFQTAADQAREL,0.0155,False,,False
PINFQTAADQARELIN,0.0183,False,,False
NFQTAADQARELINSW,0.0247,False,,False
QTAADQARELINSWVE,0.0297,False,,False
AADQARELINSWVESQ,0.0322,False,,False
DQARELINSWVESQTN,0.0223,False,,False
ARELINSWVESQTNGI,0.0078,False,,False
ELINSWVESQTNGIIR,0.1455,False,,False
INSWVESQTNGIIRNV,0.0095,False,,False
SWVESQTNGIIRNVLQ,0.0099,False,,False
VESQTNGIIRNVLQPS,0.0085,False,,False
SQTNGIIRNVLQPSSV,0.0032,False,,False
TNGIIRNVLQPSSVDS,0.0033,False,,False
GIIRNVLQPSSVDSQT,0.005,False,,False
IRNVLQPSSVDSQTAM,0.0069,False,,False
NVLQPSSVDSQTAMVL,0.1618,False,,False
LQPSSVDSQTAMVLVN,0.0332,False,,False
PSSVDSQTAMVLVNAI,0.0371,False,,False
SVDSQTAMVLVNAIVF,0.0236,False,,False
DSQTAMVLVNAIVFKG,0.008,False,,False
QTAMVLVNAIVFKGLW,0.0051,False,,False
AMVLVNAIVFKGLWEK,0.0061,False,,False
VLVNAIVFKGLWEKAF,0.003,False,,False
VNAIVFKGLWEKAFKD,0.0028,False,,False
AIVFKGLWEKAFKDED,0.0037,False,,False
VFKGLWEKAFKDEDTQ,0.0057,False,,False
KGLWEKAFKDEDTQAM,0.0084,False,,False
LWEKAFKDEDTQAMPF,0.0101,False,,False
EKAFKDEDTQAMPFRV,0.0037,False,,False
AFKDEDTQAMPFRVTE,0.0047,False,,False
KDEDTQAMPFRVTEQE,0.0049,False,,False
EDTQAMPFRVTEQESK,0.0041,False,,False
TQAMPFRVTEQESKPV,0.0076,False,,False
AMPFRVTEQESKPVQM,0.005,False,,False
PFRVTEQESKPVQMMY,0.1097,False,,False
RVTEQESKPVQMMYQI,0.1086,False,,False
TEQESKPVQMMYQIGL,0.0696,False,,False
QESKPVQMMYQIGLFR,0.0055,False,,False
SKPVQMMYQIGLFRVA,0.002,False,,False
PVQMMYQIGLFRVASM,0.0022,False,,False
QMMYQIGLFRVASMAS,0.0021,False,,False
MYQIGLFRVASMASEK,0.0025,False,,False
QIGLFRVASMASEKMK,0.0021,False,,False
GLFRVASMASEKMKIL,0.0047,False,,False
FRVASMASEKMKILEL,0.0026,False,,False
VASMASEKMKILELPF,0.0075,False,,False
SMASEKMKILELPFAS,0.0073,False,,False
ASEKMKILELPFASGT,0.0034,False,,False
EKMKILELPFASGTMS,0.0134,False,,False
MKILELPFASGTMSML,0.022,False,,False
ILELPFASGTMSMLVL,0.0507,False,,False
ELPFASGTMSMLVLLP,0.041,False,,False
PFASGTMSMLVLLPDE,0.0444,False,,False
ASGTMSMLVLLPDEVS,0.0325,False,,False
GTMSMLVLLPDEVSGL,0.0306,False,,False
MSMLVLLPDEVSGLEQ,0.0139,False,,False
MLVLLPDEVSGLEQLE,0.1049,False,,False
VLLPDEVSGLEQLESI,0.2344,False,,False
LPDEVSGLEQLESIIN,0.1597,False,,False
DEVSGLEQLESIINFE,0.0265,False,,False
VSGLEQLESIINFEKL,0.0393,False,,False
GLEQLESIINFEKLTE,0.0228,False,,False
EQLESIINFEKLTEWT,0.0345,False,,False
LESIINFEKLTEWTSS,0.0424,False,,False
SIINFEKLTEWTSSNV,0.0653,False,,False
INFEKLTEWTSSNVME,0.0497,False,,False
FEKLTEWTSSNVMEER,0.0286,False,,False
KLTEWTSSNVMEERKI,0.0414,False,,False
WTSSNVMEERKIKVYL,0.006,False,,False
SSNVMEERKIKVYLPR,0.0021,False,,False
NVMEERKIKVYLPRMK,0.0021,False,,False
ERKIKVYLPRMKMEEK,0.0012,False,,False
KIKVYLPRMKMEEKYN,0.0016,False,,False
KVYLPRMKMEEKYNLT,0.003,False,,False
YLPRMKMEEKYNLTSV,0.0054,False,,False
PRMKMEEKYNLTSVLM,0.0051,False,,False
MKMEEKYNLTSVLMAM,0.0321,False,,False
MEEKYNLTSVLMAMGI,0.0225,False,,False
EKYNLTSVLMAMGITD,0.0211,False,,False
YNLTSVLMAMGITDVF,0.0298,False,,False
LTSVLMAMGITDVFSS,0.017,False,,False
SVLMAMGITDVFSSSA,0.0276,False,,False
LMAMGITDVFSSSANL,0.0241,False,,False
AMGITDVFSSSANLSG,0.0262,False,,False
GITDVFSSSANLSGIS,0.024,False,,False
TDVFSSSANLSGISSA,0.0361,False,,False
VFSSSANLSGISSAES,0.2471,False,,False
SSSANLSGISSAESLK,0.3682,False,,False
SANLSGISSAESLKIS,0.0601,False,,False
NLSGISSAESLKISQA,0.0601,False,,False
SGISSAESLKISQAVH,0.0526,False,,False
ISSAESLKISQAVHAA,0.0502,False,,False
SAESLKISQAVHAAHA,0.0475,False,,False
ESLKISQAVHAAHAEI,0.0463,False,,False
LKISQAVHAAHAEINE,0.0154,False,,False
ISQAVHAAHAEINEAG,0.1789,False,,False
QAVHAAHAEINEAGRE,0.0901,False,,False
VHAAHAEINEAGREVV,0.0783,False,,False
AAHAEINEAGREVVGS,0.1269,False,,False
HAEINEAGREVVGSAE,0.1531,False,,False
EINEAGREVVGSAEAG,0.195,False,,False
NEAGREVVGSAEAGVD,0.1676,False,,False
AGREVVGSAEAGVDAA,0.1212,False,,False
REVVGSAEAGVDAASV,0.0694,False,,False
VVGSAEAGVDAASVSE,0.0475,False,,False
GSAEAGVDAASVSEEF,0.0261,False,,False
AEAGVDAASVSEEFRA,0.0214,False,,False
AGVDAASVSEEFRADH,0.0322,False,,False
VDAASVSEEFRADHPF,0.0389,False,,False
AASVSEEFRADHPFLF,0.0233,False,,False
SVSEEFRADHPFLFCI,0.0029,False,,False
SEEFRADHPFLFCIKH,0.0038,False,,False
EFRADHPFLFCIKHIA,0.0031,False,,False
RADHPFLFCIKHIATN,0.0038,False,,False
DHPFLFCIKHIATNAV,0.0046,False,,False
PFLFCIKHIATNAVLF,0.0055,False,,False
LFCIKHIATNAVLFFG,0.0038,False,,False
CIKHIATNAVLFFGRC,0.0025,False,,False
KHIATNAVLFFGRCVS,0.0008,False,,False
AAGIGILTV,22.0,False,,False
AAGIGILTV,,False,N-Terminal,True
AAGIGILTV,,False,"C-Terminal Amidation, N-Terminal",True
AAGIGILTV,,False,C-Terminal Amidation,True
ALCDNPRIDRWYCQFVEG,456.0,False,"C-Terminal Amidation, N-Terminal",True
GVQLDLDEAI,4800.0,False,,False
PINPRLDG,900.0,False,,False
DGEQLADLIV,900.0,False,,False
KKKQYTSIHHGVVEVDAAVTPEERHLSKMQQNGYENPTYKFFEQMQNIATVIVITLVML,300.0,False,,False
RQIKIWFQNRRMKWKKNELKRAFAALRDQI,43020.0,False,,False
APPRLICDSRVLERYLLEAKEAENITTGCAEHCSLNENITVPDTKVNFYAWKRMEVGQQAVEVWQGLALLSEAVLRGQALLVNSSQPWEPLQLHVDKAVSGLRSLTTLLRALGAQKEAISPPDAASAAPLRTITADTFRKLFRVYSNFLRGKLKLYTGEACRTGDR,30600.0,False,"Cyclic, Chemical Modification: Three N-linked carbohydrate chains",True
APPRLICDSRVLERYLLEAKEAENITTGCAEHCSLNENITVPDTKVNFYAWKRMEVGQQAVEVWQGLALLSEAVLRGQALLVNSSQPWEPLQLHVDKAVSGLRSLTTLLRALGAQKEAISPPDAASAAPLRTITADTFRKLFRVYSNFLRGKLKLYTGEACRTGDR,91080.0,False,"Cyclic, Chemical Modification: Five N-linked carbohydrate chains",True
SPTLAYAVP,210.0,False,,False
HSQGTFTSDYSKYLDSRRAQDFVQWLMNTGGEGSGEGSEGEGSEGSGEGEGSEGSGEGEGGSEGSEGEGGSEGSEGEGGSEGSEGEGSGEGSEGEGGSEGSEGEGSGEGSEGEGSEGGSEGEGGSEGSEGEGSGEGSEGEGGEGGSEGEGSEGSGEGEGSGEGSEGEGSEGSGEGEGSGEGSEGEGSEGSGEGEGSEGSGEGEGGSEGSEGEGSEGSGEGEGGEGSGEGEGSGEGSEGEGGGEGSEGEGSGEGGEGEGSEGGSEGEGGSEGGEGEGSEGSGEGEGSEGGSEGEGSEGGSEGEGSEGSGEGEGSEGSGEG,32400.0,False,,False
HSQGTFTSDYSKYLDSRRAQDFVQWLMNTGGEGGSEGSEGEGSEGSGEGEGGSEGSEGEGSEGSGEGEGGSEGSEGEGGSEGSEGEGGEGSGEGEGSEGSGEGEGSGEGSEGEGGSEGGEGEGSEGGSEGEGSEGGSEGEGGEGSGEGEGGGEGSEGEGSEGSGEGEGSGEGSEG,34200.0,False,,False
VRRADRAAVPGGGGRG,1110.0,False,,False
VRRADRAAVPGGGGRG,475200.0,False,N-Terminal,True
GGFAEGTFTSDVSSYLEGQAAKEFIAWLVKGRPSSGAPPPS,3240.0,False,C-Terminal Amidation,True
GGFAEGTFTSDVSSYLEGQAAKEFIAWLVKGRPSSGAPPPS,3960.0,False,"C-Terminal Amidation, N-Terminal",True
GFFAEGTFTSDVSSYLEGQAAKEFIAWLVKGRPSSGAPPPS,2520.0,False,"C-Terminal Amidation, N-Terminal",True
GVFAEGTFTSDVSSYLEGQAAKEFIAWLVKGRPSSGAPPPS,16920.0,False,"C-Terminal Amidation, N-Terminal",True
GVFAEGTFTSDVSSYLEGQAAKEFIAWLVKGRPSSGAPPPS,73440.0,False,C-Terminal Amidation,True
FGFAEGTFTSDVSSYLEGQAAKEFIAWLVKGRPSSGAPPPS,9000.0,False,"C-Terminal Amidation, N-Terminal",True
FAFAEGTFTSDVSSYLEGQAAKEFIAWLVKGRPSSGAPPPS,10080.0,False,"C-Terminal Amidation, N-Terminal",True
FFFAEGTFTSDVSSYLEGQAAKEFIAWLVKGRPSSGAPPPS,119880.0,False,"C-Terminal Amidation, N-Terminal",True
FVFAEGTFTSDVSSYLEGQAAKEFIAWLVKGRPSSGAPPPS,604800.0,False,"C-Terminal Amidation, N-Terminal",True
FVFAEGTFTSDVSSYLEGQAAKEFIAWLVKGRPSSGAPPPS,230400.0,False,C-Terminal Amidation,True
HGEGTFTSDLSKQLEEEAVRLFIEWLKNGGPSSGAPPPS,18000.0,False,C-Terminal Amidation,True
FVPIFTYGELQRSPEHQRVQQRKESKKPPAKLQPR,702.0,False,,False
FVPIFTYGELQREHQRVQQRKESKKPPAKLQPR,666.0,False,,False
FVPIFTYGELQRQRVQQRKESKKPPAKLQPR,534.0,False,,False
FVPIFTYGELQRVQQRKESKKPPAKLQPR,534.0,False,,False
FVPIFTYGELQRQRKESKKPPAKLQPR,480.0,False,,False
FVPIFTYGELQRKESKKPPAKLQPR,564.0,False,,False
FVPIFTYGELQRSKKPPAKLQPR,318.0,False,,False
FVPIFTYGELQRKKPPAKLQPR,360.0,False,,False
FVPIFTYGELQRVQQRKESKKPPAKLQ,624.0,False,,False
FVPIFTYGELQRVQQRKESKKPPAK,348.0,False,,False
FVPIFTYGELQRVQQRKESKKPP,378.0,False,,False
FVPIFTYGELQRVQQRKESKK,420.0,False,,False
FVPIFTYGELQRVQQRKES,186.0,False,,False
FVPIFTYGELQRVQQRK,144.0,False,,False
YADAIFTNSYRKVLGQLSARKLLQDIMSR,900.0,False,C-Terminal Amidation,True
YADAIFTNSYRKVLGQLSARKLLQDIMSR,36000.0,False,"C-Terminal Amidation, Chemical Modification: PEGylation on Lys12",True
YADAIFTNSYRKVLGQLSARKLLQDIMSR,12960.0,False,"C-Terminal Amidation, Chemical Modification: PEGylation",True
YADAIFTNSYRKVLGQLSARKLLQDIMSR,14400.0,False,"C-Terminal Amidation, Chemical Modification: PEGylation on Lys21",True
GSIGAASMEF,2.7013,False,N-Terminal,True
IGAASMEFCF,0.0629,False,N-Terminal,True
AASMEFCFDV,0.0556,False,N-Terminal,True
SMEFCFDVFK,0.0103,False,N-Terminal,True
EFCFDVFKEL,0.0088,False,N-Terminal,True
CFDVFKELKV,0.0122,False,N-Terminal,True
DVFKELKVHH,0.0101,False,N-Terminal,True
FKELKVHHAN,0.0094,False,N-Terminal,True
ELKVHHANEN,0.1969,False,N-Terminal,True
KVHHANENIF,1.2897,False,N-Terminal,True
HHANENIFYC,0.0485,False,N-Terminal,True
ANENIFYCPI,0.1557,False,N-Terminal,True
ENIFYCPIAI,0.089,False,N-Terminal,True
IFYCPIAIMS,0.0469,False,N-Terminal,True
YCPIAIMSAL,0.2911,False,N-Terminal,True
PIAIMSALAM,0.1596,False,N-Terminal,True
AIMSALAMVY,0.0512,False,N-Terminal,True
MSALAMVYLG,0.0132,False,N-Terminal,True
ALAMVYLGAK,0.0077,False,N-Terminal,True
AMVYLGAKDS,0.0111,False,N-Terminal,True
VYLGAKDSTR,0.0135,False,N-Terminal,True
LGAKDSTRTQ,0.0122,False,N-Terminal,True
AKDSTRTQIN,0.0092,False,N-Terminal,True
DSTRTQINKV,0.021,False,N-Terminal,True
TRTQINKVVR,0.0027,False,N-Terminal,True
TQINKVVRFD,0.0094,False,N-Terminal,True
INKVVRFDKL,0.0069,False,N-Terminal,True
KVVRFDKLPG,0.0119,False,N-Terminal,True
VRFDKLPGFG,0.1526,False,N-Terminal,True
FDKLPGFGDS,25.2445,False,N-Terminal,True
KLPGFGDSIE,40.1296,False,N-Terminal,True
PGFGDSIEAQ,17.8114,False,N-Terminal,True
FGDSIEAQCG,7.122,False,N-Terminal,True
DSIEAQCGTS,13.4815,False,N-Terminal,True
IEAQCGTSVN,6.4814,False,N-Terminal,True
AQCGTSVNVH,4.3435,False,N-Terminal,True
CGTSVNVHSS,1.1378,False,N-Terminal,True
TSVNVHSSLR,0.1177,False,N-Terminal,True
VNVHSSLRDI,0.0148,False,N-Terminal,True
VHSSLRDILN,0.0527,False,N-Terminal,True
SSLRDILNQI,0.1504,False,N-Terminal,True
LRDILNQITK,0.0939,False,N-Terminal,True
DILNQITKPN,4.1593,False,N-Terminal,True
LNQITKPNDV,20.6999,False,N-Terminal,True
QITKPNDVYS,0.2963,False,N-Terminal,True
TKPNDVYSFS,0.012,False,N-Terminal,True
PNDVYSFSLA,0.0026,False,N-Terminal,True
DVYSFSLASR,0.0037,False,N-Terminal,True
YSFSLASRLY,0.0019,False,N-Terminal,True
FSLASRLYAE,0.0035,False,N-Terminal,True
LASRLYAEER,0.0031,False,N-Terminal,True
SRLYAEERYP,0.0052,False,N-Terminal,True
LYAEERYPIL,0.1052,False,N-Terminal,True
AEERYPILPE,11.4998,False,N-Terminal,True
ERYPILPEYL,1.466,False,N-Terminal,True
YPILPEYLQC,0.1016,False,N-Terminal,True
ILPEYLQCVK,0.3817,False,N-Terminal,True
PEYLQCVKEL,0.1101,False,N-Terminal,True
YLQCVKELYR,0.0263,False,N-Terminal,True
QCVKELYRGG,0.0128,False,N-Terminal,True
VKELYRGGLE,0.0225,False,N-Terminal,True
ELYRGGLEPI,0.0244,False,N-Terminal,True
GGLEPINFQT,0.0336,False,N-Terminal,True
LEPINFQTAA,0.0242,False,N-Terminal,True
PINFQTAADQ,0.0812,False,N-Terminal,True
NFQTAADQAR,0.1293,False,N-Terminal,True
QTAADQAREL,0.0514,False,N-Terminal,True
AADQARELIN,0.0325,False,N-Terminal,True
DQARELINSW,0.0224,False,N-Terminal,True
ARELINSWVE,0.0156,False,N-Terminal,True
ELINSWVESQ,1.2344,False,N-Terminal,True
INSWVESQTN,3.3348,False,N-Terminal,True
SWVESQTNGI,0.7564,False,N-Terminal,True
VESQTNGIIR,0.3309,False,N-Terminal,True
SQTNGIIRNV,0.0066,False,N-Terminal,True
TNGIIRNVLQ,0.0072,False,N-Terminal,True
GIIRNVLQPS,0.0038,False,N-Terminal,True
IRNVLQPSSV,0.0049,False,N-Terminal,True
NVLQPSSVDS,0.3384,False,N-Terminal,True
LQPSSVDSQT,0.1866,False,N-Terminal,True
PSSVDSQTAM,4.5647,False,N-Terminal,True
SVDSQTAMVL,0.2013,False,N-Terminal,True
DSQTAMVLVN,0.0195,False,N-Terminal,True
QTAMVLVNAI,0.0264,False,N-Terminal,True
AMVLVNAIVF,0.0165,False,N-Terminal,True
VLVNAIVFKG,0.0087,False,N-Terminal,True
VNAIVFKGLW,0.0051,False,N-Terminal,True
AIVFKGLWEK,0.0054,False,N-Terminal,True
VFKGLWEKAF,0.0039,False,N-Terminal,True
KGLWEKAFKD,0.0053,False,N-Terminal,True
LWEKAFKDED,0.0131,False,N-Terminal,True
EKAFKDEDTQ,0.0329,False,N-Terminal,True
AFKDEDTQAM,7.6573,False,N-Terminal,True
KDEDTQAMPF,0.6468,False,N-Terminal,True
EDTQAMPFRV,0.0033,False,N-Terminal,True
TQAMPFRVTE,0.0047,False,N-Terminal,True
AMPFRVTEQE,0.0063,False,N-Terminal,True
PFRVTEQESK,0.131,False,N-Terminal,True
RVTEQESKPV,2.1948,False,N-Terminal,True
TEQESKPVQM,19.4782,False,N-Terminal,True
QESKPVQMMY,3.8079,False,N-Terminal,True
SKPVQMMYQI,0.124,False,N-Terminal,True
PVQMMYQIGL,0.088,False,N-Terminal,True
QMMYQIGLFR,0.006,False,N-Terminal,True
MYQIGLFRVA,0.0025,False,N-Terminal,True
QIGLFRVASM,0.0015,False,N-Terminal,True
GLFRVASMAS,0.006,False,N-Terminal,True
FRVASMASEK,0.0082,False,N-Terminal,True
VASMASEKMK,0.1745,False,N-Terminal,True
SMASEKMKIL,0.0072,False,N-Terminal,True
EKMKILELPF,0.0135,False,N-Terminal,True
MKILELPFAS,0.0183,False,N-Terminal,True
ILELPFASGT,0.0767,False,N-Terminal,True
ELPFASGTMS,0.0648,False,N-Terminal,True
PFASGTMSML,3.844,False,N-Terminal,True
ASGTMSMLVL,0.1692,False,N-Terminal,True
GTMSMLVLLP,0.0949,False,N-Terminal,True
MSMLVLLPDE,0.0317,False,N-Terminal,True
MLVLLPDEVS,0.323,False,N-Terminal,True
LPDEVSGLEQ,0.3722,False,N-Terminal,True
DEVSGLEQLE,0.1719,False,N-Terminal,True
VSGLEQLESI,1.0014,False,N-Terminal,True
GLEQLESIIN,0.5162,False,N-Terminal,True
EQLESIINFE,0.0686,False,N-Terminal,True
LESIINFEKL,0.0663,False,N-Terminal,True
SIINFEKLTE,0.0667,False,N-Terminal,True
INFEKLTEWT,0.0541,False,N-Terminal,True
FEKLTEWTSS,0.0563,False,N-Terminal,True
KLTEWTSSNV,0.4176,False,N-Terminal,True
TEWTSSNVME,0.5842,False,N-Terminal,True
WTSSNVMEER,0.9286,False,N-Terminal,True
SSNVMEERKI,0.0399,False,N-Terminal,True
NVMEERKIKV,0.0072,False,N-Terminal,True
MEERKIKVYL,0.0037,False,N-Terminal,True
ERKIKVYLPR,0.0008,False,N-Terminal,True
KIKVYLPRMK,0.0017,False,N-Terminal,True
KVYLPRMKME,0.0044,False,N-Terminal,True
YLPRMKMEEK,0.0088,False,N-Terminal,True
PRMKMEEKYN,0.0056,False,N-Terminal,True
MKMEEKYNLT,0.0367,False,N-Terminal,True
MEEKYNLTSV,0.0093,False,N-Terminal,True
EKYNLTSVLM,0.0124,False,N-Terminal,True
YNLTSVLMAM,0.0294,False,N-Terminal,True
LTSVLMAMGI,0.0787,False,N-Terminal,True
SVLMAMGITD,0.1194,False,N-Terminal,True
LMAMGITDVF,0.8333,False,N-Terminal,True
AMGITDVFSS,0.0154,False,N-Terminal,True
GITDVFSSSA,0.0178,False,N-Terminal,True
TDVFSSSANL,0.019,False,N-Terminal,True
VFSSSANLSG,0.1849,False,N-Terminal,True
SSSANLSGIS,0.7012,False,N-Terminal,True
SANLSGISSA,0.6149,False,N-Terminal,True
NLSGISSAES,1.5216,False,N-Terminal,True
SGISSAESLK,0.5455,False,N-Terminal,True
ISSAESLKIS,0.0401,False,N-Terminal,True
SAESLKISQA,0.0451,False,N-Terminal,True
ESLKISQAVH,0.0465,False,N-Terminal,True
LKISQAVHAA,0.0192,False,N-Terminal,True
ISQAVHAAHA,0.1691,False,N-Terminal,True
QAVHAAHAEI,0.1777,False,N-Terminal,True
VHAAHAEINE,0.1356,False,N-Terminal,True
AAHAEINEAG,0.7772,False,N-Terminal,True
HAEINEAGRE,0.1388,False,N-Terminal,True
EINEAGREVV,0.1025,False,N-Terminal,True
NEAGREVVGS,0.1284,False,N-Terminal,True
AGREVVGSAE,0.0967,False,N-Terminal,True
REVVGSAEAG,1.7169,False,N-Terminal,True
VVGSAEAGVD,4.0618,False,N-Terminal,True
GSAEAGVDAA,3.1271,False,N-Terminal,True
AEAGVDAASV,0.0711,False,N-Terminal,True
AGVDAASVSE,0.0548,False,N-Terminal,True
VDAASVSEEF,0.0426,False,N-Terminal,True
AASVSEEFRA,0.0246,False,N-Terminal,True
SVSEEFRADH,0.0788,False,N-Terminal,True
SEEFRADHPF,0.0759,False,N-Terminal,True
EFRADHPFLF,0.0569,False,N-Terminal,True
RADHPFLFCI,0.0056,False,N-Terminal,True
DHPFLFCIKH,0.0042,False,N-Terminal,True
PFLFCIKHIA,0.0046,False,N-Terminal,True
LFCIKHIATN,0.0185,False,N-Terminal,True
CIKHIATNAV,0.0929,False,N-Terminal,True
KHIATNAVLF,0.0719,False,N-Terminal,True
IATNAVLFFG,0.0048,False,N-Terminal,True
TNAVLFFGRC,0.0015,False,N-Terminal,True
AVLFFGRCVS,0.0012,False,N-Terminal,True
VLFFGRCVSP,0.0014,False,N-Terminal,True
GSIGAASMEFCFDVFK,0.0097,False,N-Terminal,True
IGAASMEFCFDVFKEL,0.0084,False,N-Terminal,True
AASMEFCFDVFKELKV,0.0068,False,N-Terminal,True
SMEFCFDVFKELKVHH,0.0084,False,N-Terminal,True
EFCFDVFKELKVHHAN,0.0098,False,N-Terminal,True
CFDVFKELKVHHANEN,0.0103,False,N-Terminal,True
DVFKELKVHHANENIF,0.0201,False,N-Terminal,True
FKELKVHHANENIFYC,0.0074,False,N-Terminal,True
ELKVHHANENIFYCPI,0.0851,False,N-Terminal,True
KVHHANENIFYCPIAI,0.0892,False,N-Terminal,True
HHANENIFYCPIAIMS,0.0575,False,N-Terminal,True
ANENIFYCPIAIMSAL,0.0425,False,N-Terminal,True
ENIFYCPIAIMSALAM,0.0327,False,N-Terminal,True
IFYCPIAIMSALAMVY,0.0167,False,N-Terminal,True
YCPIAIMSALAMVYLG,0.0125,False,N-Terminal,True
PIAIMSALAMVYLGAK,0.0077,False,N-Terminal,True
AIMSALAMVYLGAKDS,0.0088,False,N-Terminal,True
MSALAMVYLGAKDSTR,0.0063,False,N-Terminal,True
ALAMVYLGAKDSTRTQ,0.0045,False,N-Terminal,True
AMVYLGAKDSTRTQIN,0.0037,False,N-Terminal,True
VYLGAKDSTRTQINKV,0.004,False,N-Terminal,True
LGAKDSTRTQINKVVR,0.0033,False,N-Terminal,True
AKDSTRTQINKVVRFD,0.0038,False,N-Terminal,True
DSTRTQINKVVRFDKL,0.0044,False,N-Terminal,True
TRTQINKVVRFDKLPG,0.0045,False,N-Terminal,True
TQINKVVRFDKLPGFG,0.0085,False,N-Terminal,True
INKVVRFDKLPGFGDS,0.0111,False,N-Terminal,True
KVVRFDKLPGFGDSIE,0.0131,False,N-Terminal,True
VRFDKLPGFGDSIEAQ,0.1209,False,N-Terminal,True
FDKLPGFGDSIEAQCG,5.693,False,N-Terminal,True
KLPGFGDSIEAQCGTS,6.4211,False,N-Terminal,True
PGFGDSIEAQCGTSVN,5.0348,False,N-Terminal,True
FGDSIEAQCGTSVNVH,1.3951,False,N-Terminal,True
DSIEAQCGTSVNVHSS,0.4688,False,N-Terminal,True
IEAQCGTSVNVHSSLR,0.193,False,N-Terminal,True
AQCGTSVNVHSSLRDI,0.0267,False,N-Terminal,True
CGTSVNVHSSLRDILN,0.0499,False,N-Terminal,True
TSVNVHSSLRDILNQI,0.1029,False,N-Terminal,True
VNVHSSLRDILNQITK,0.0614,False,N-Terminal,True
VHSSLRDILNQITKPN,0.1104,False,N-Terminal,True
SSLRDILNQITKPNDV,0.1963,False,N-Terminal,True
LRDILNQITKPNDVYS,0.0514,False,N-Terminal,True
DILNQITKPNDVYSFS,0.0223,False,N-Terminal,True
LNQITKPNDVYSFSLA,0.0054,False,N-Terminal,True
QITKPNDVYSFSLASR,0.0025,False,N-Terminal,True
TKPNDVYSFSLASRLY,0.0011,False,N-Terminal,True
PNDVYSFSLASRLYAE,0.0014,False,N-Terminal,True
DVYSFSLASRLYAEER,0.0011,False,N-Terminal,True
YSFSLASRLYAEERYP,0.0032,False,N-Terminal,True
FSLASRLYAEERYPIL,0.0031,False,N-Terminal,True
LASRLYAEERYPILPE,0.0023,False,N-Terminal,True
SRLYAEERYPILPEYL,0.0028,False,N-Terminal,True
LYAEERYPILPEYLQC,0.0281,False,N-Terminal,True
AEERYPILPEYLQCVK,0.2682,False,N-Terminal,True
ERYPILPEYLQCVKEL,0.1018,False,N-Terminal,True
YPILPEYLQCVKELYR,0.0298,False,N-Terminal,True
ILPEYLQCVKELYRGG,0.0143,False,N-Terminal,True
PEYLQCVKELYRGGLE,0.0152,False,N-Terminal,True
YLQCVKELYRGGLEPI,0.0093,False,N-Terminal,True
QCVKELYRGGLEPINF,0.0085,False,N-Terminal,True
VKELYRGGLEPINFQT,0.0052,False,N-Terminal,True
ELYRGGLEPINFQTAA,0.0085,False,N-Terminal,True
YRGGLEPINFQTAADQ,0.011,False,N-Terminal,True
GGLEPINFQTAADQAR,0.0207,False,N-Terminal,True
LEPINFQTAADQAREL,0.0155,False,N-Terminal,True
PINFQTAADQARELIN,0.0183,False,N-Terminal,True
NFQTAADQARELINSW,0.0247,False,N-Terminal,True
QTAADQARELINSWVE,0.0297,False,N-Terminal,True
AADQARELINSWVESQ,0.0322,False,N-Terminal,True
DQARELINSWVESQTN,0.0223,False,N-Terminal,True
ARELINSWVESQTNGI,0.0078,False,N-Terminal,True
ELINSWVESQTNGIIR,0.1455,False,N-Terminal,True
INSWVESQTNGIIRNV,0.0095,False,N-Terminal,True
SWVESQTNGIIRNVLQ,0.0099,False,N-Terminal,True
VESQTNGIIRNVLQPS,0.0085,False,N-Terminal,True
SQTNGIIRNVLQPSSV,0.0032,False,N-Terminal,True
TNGIIRNVLQPSSVDS,0.0033,False,N-Terminal,True
GIIRNVLQPSSVDSQT,0.005,False,N-Terminal,True
IRNVLQPSSVDSQTAM,0.0069,False,N-Terminal,True
NVLQPSSVDSQTAMVL,0.1618,False,N-Terminal,True
LQPSSVDSQTAMVLVN,0.0332,False,N-Terminal,True
PSSVDSQTAMVLVNAI,0.0371,False,N-Terminal,True
SVDSQTAMVLVNAIVF,0.0236,False,N-Terminal,True
DSQTAMVLVNAIVFKG,0.008,False,N-Terminal,True
QTAMVLVNAIVFKGLW,0.0051,False,N-Terminal,True
AMVLVNAIVFKGLWEK,0.0061,False,N-Terminal,True
VLVNAIVFKGLWEKAF,0.003,False,N-Terminal,True
VNAIVFKGLWEKAFKD,0.0028,False,N-Terminal,True
AIVFKGLWEKAFKDED,0.0037,False,N-Terminal,True
VFKGLWEKAFKDEDTQ,0.0057,False,N-Terminal,True
KGLWEKAFKDEDTQAM,0.0084,False,N-Terminal,True
LWEKAFKDEDTQAMPF,0.0101,False,N-Terminal,True
EKAFKDEDTQAMPFRV,0.0037,False,N-Terminal,True
AFKDEDTQAMPFRVTE,0.0047,False,N-Terminal,True
KDEDTQAMPFRVTEQE,0.0049,False,N-Terminal,True
EDTQAMPFRVTEQESK,0.0041,False,N-Terminal,True
TQAMPFRVTEQESKPV,0.0076,False,N-Terminal,True
AMPFRVTEQESKPVQM,0.005,False,N-Terminal,True
PFRVTEQESKPVQMMY,0.1097,False,N-Terminal,True
RVTEQESKPVQMMYQI,0.1086,False,N-Terminal,True
TEQESKPVQMMYQIGL,0.0696,False,N-Terminal,True
QESKPVQMMYQIGLFR,0.0055,False,N-Terminal,True
SKPVQMMYQIGLFRVA,0.002,False,N-Terminal,True
PVQMMYQIGLFRVASM,0.0022,False,N-Terminal,True
QMMYQIGLFRVASMAS,0.0021,False,N-Terminal,True
MYQIGLFRVASMASEK,0.0025,False,N-Terminal,True
QIGLFRVASMASEKMK,0.0021,False,N-Terminal,True
GLFRVASMASEKMKIL,0.0047,False,N-Terminal,True
FRVASMASEKMKILEL,0.0026,False,N-Terminal,True
VASMASEKMKILELPF,0.0075,False,N-Terminal,True
SMASEKMKILELPFAS,0.0073,False,N-Terminal,True
ASEKMKILELPFASGT,0.0034,False,N-Terminal,True
EKMKILELPFASGTMS,0.0134,False,N-Terminal,True
MKILELPFASGTMSML,0.022,False,N-Terminal,True
ILELPFASGTMSMLVL,0.0507,False,N-Terminal,True
ELPFASGTMSMLVLLP,0.041,False,N-Terminal,True
PFASGTMSMLVLLPDE,0.0444,False,N-Terminal,True
ASGTMSMLVLLPDEVS,0.0325,False,N-Terminal,True
GTMSMLVLLPDEVSGL,0.0306,False,N-Terminal,True
MSMLVLLPDEVSGLEQ,0.0139,False,N-Terminal,True
MLVLLPDEVSGLEQLE,0.1049,False,N-Terminal,True
VLLPDEVSGLEQLESI,0.2344,False,N-Terminal,True
LPDEVSGLEQLESIIN,0.1597,False,N-Terminal,True
DEVSGLEQLESIINFE,0.0265,False,N-Terminal,True
VSGLEQLESIINFEKL,0.0393,False,N-Terminal,True
GLEQLESIINFEKLTE,0.0228,False,N-Terminal,True
EQLESIINFEKLTEWT,0.0345,False,N-Terminal,True
LESIINFEKLTEWTSS,0.0424,False,N-Terminal,True
SIINFEKLTEWTSSNV,0.0653,False,N-Terminal,True
INFEKLTEWTSSNVME,0.0497,False,N-Terminal,True
FEKLTEWTSSNVMEER,0.0286,False,N-Terminal,True
KLTEWTSSNVMEERKI,0.0414,False,N-Terminal,True
WTSSNVMEERKIKVYL,0.006,False,N-Terminal,True
SSNVMEERKIKVYLPR,0.0021,False,N-Terminal,True
NVMEERKIKVYLPRMK,0.0021,False,N-Terminal,True
ERKIKVYLPRMKMEEK,0.0012,False,N-Terminal,True
KIKVYLPRMKMEEKYN,0.0016,False,N-Terminal,True
KVYLPRMKMEEKYNLT,0.003,False,N-Terminal,True
YLPRMKMEEKYNLTSV,0.0054,False,N-Terminal,True
PRMKMEEKYNLTSVLM,0.0051,False,N-Terminal,True
MKMEEKYNLTSVLMAM,0.0321,False,N-Terminal,True
MEEKYNLTSVLMAMGI,0.0225,False,N-Terminal,True
EKYNLTSVLMAMGITD,0.0211,False,N-Terminal,True
YNLTSVLMAMGITDVF,0.0298,False,N-Terminal,True
LTSVLMAMGITDVFSS,0.017,False,N-Terminal,True
SVLMAMGITDVFSSSA,0.0276,False,N-Terminal,True
LMAMGITDVFSSSANL,0.0241,False,N-Terminal,True
AMGITDVFSSSANLSG,0.0262,False,N-Terminal,True
GITDVFSSSANLSGIS,0.024,False,N-Terminal,True
TDVFSSSANLSGISSA,0.0361,False,N-Terminal,True
VFSSSANLSGISSAES,0.2471,False,N-Terminal,True
SSSANLSGISSAESLK,0.3682,False,N-Terminal,True
SANLSGISSAESLKIS,0.0601,False,N-Terminal,True
NLSGISSAESLKISQA,0.0601,False,N-Terminal,True
SGISSAESLKISQAVH,0.0526,False,N-Terminal,True
ISSAESLKISQAVHAA,0.0502,False,N-Terminal,True
SAESLKISQAVHAAHA,0.0475,False,N-Terminal,True
ESLKISQAVHAAHAEI,0.0463,False,N-Terminal,True
LKISQAVHAAHAEINE,0.0154,False,N-Terminal,True
ISQAVHAAHAEINEAG,0.1789,False,N-Terminal,True
QAVHAAHAEINEAGRE,0.0901,False,N-Terminal,True
VHAAHAEINEAGREVV,0.0783,False,N-Terminal,True
AAHAEINEAGREVVGS,0.1269,False,N-Terminal,True
HAEINEAGREVVGSAE,0.1531,False,N-Terminal,True
EINEAGREVVGSAEAG,0.195,False,N-Terminal,True
NEAGREVVGSAEAGVD,0.1676,False,N-Terminal,True
AGREVVGSAEAGVDAA,0.1212,False,N-Terminal,True
REVVGSAEAGVDAASV,0.0694,False,N-Terminal,True
VVGSAEAGVDAASVSE,0.0475,False,N-Terminal,True
GSAEAGVDAASVSEEF,0.0261,False,N-Terminal,True
AEAGVDAASVSEEFRA,0.0214,False,N-Terminal,True
AGVDAASVSEEFRADH,0.0322,False,N-Terminal,True
VDAASVSEEFRADHPF,0.0389,False,N-Terminal,True
AASVSEEFRADHPFLF,0.0233,False,N-Terminal,True
SVSEEFRADHPFLFCI,0.0029,False,N-Terminal,True
SEEFRADHPFLFCIKH,0.0038,False,N-Terminal,True
EFRADHPFLFCIKHIA,0.0031,False,N-Terminal,True
RADHPFLFCIKHIATN,0.0038,False,N-Terminal,True
DHPFLFCIKHIATNAV,0.0046,False,N-Terminal,True
PFLFCIKHIATNAVLF,0.0055,False,N-Terminal,True
LFCIKHIATNAVLFFG,0.0038,False,N-Terminal,True
CIKHIATNAVLFFGRC,0.0025,False,N-Terminal,True
KHIATNAVLFFGRCVS,0.0008,False,N-Terminal,True
TSEKSQTPLVTL,16200.0,False,,False
MLPGLALLLLAAWTARALEVPYPYDVPDYASNKGAIIGLMVGGVVIATVIVITLVVMLKKKQYEQKLISEEDL,480.0,False,,False
SSLKQYWSSLKQSFS,18000.0,False,,False
SSLKQYWSSLKQSFS,20400.0,False,N-Terminal,True
SDKP,4800.0,False,N-Terminal,True
RLIEDICLPRWGCLWEDD,8280.0,False,"C-Terminal Amidation, N-Terminal",True
SLRRSSGGRIDRIGAQSGLGCNSFRY,62.4,False,Cyclic,True
PRLRFYSL,3840.0,False,,False
APRLRF,660.0,False,,False
APRLR,960.0,False,,False
RLRFYSL,126.0,False,,False
LRFYSL,162.0,False,,False
RFYSL,90.0,False,,False
FYSL,39.0,False,,False
RLRFYS,90.0,False,,False
LRFYS,90.0,False,,False
FYS,28.8,False,,False
ELRMSSSYPTGLADVKAGPAQTLIRPQDMKGASRSPEDSSPDAARIRV,1320.0,False,,False
TVPVDLASRQEEEEQSPDSTEEEPVTLPR,3780.0,False,,False
TVPVDLASRQEEEEQSADSTEEEPVTLPR,5640.0,False,,False
TVPVDLASRQEEEEQSPDSTEQEPVTLPR,1440.0,False,,False
WDREINNYTSLIH,410400.0,False,"C-Terminal Amidation, N-Terminal",True
WDREINNYTSLIHWDREINNYTSLIH,151200.0,False,"C-Terminal Amidation, N-Terminal",True
CNGRCGGK,32760.0,False,"C-Terminal Amidation, N-Terminal, Cyclic",True
SLRRSSCFGGRIDRIGAQSGCNSFRY,144.0,False,,False
HSDAVFTDNYTRLRRQMLVRRYLNSILNGRR,17028.0,False,,False
HPLGSPGSASDLETSGLQEQRNHLQGKLSELQVEQTSLEPLQESPRTPGVWKSREVATEGIRGHRKMVLYTLRAPR,7200.0,False,,False
SPRGDLAVLGHKY,3300.0,False,,False
IRRADRAAVPGGGGRGD,1659.6,False,,False
IRRADRAAVPGGGGRGD,9724.8,False,N-Terminal,True
SLRRSSCFGGRMDRIGAQSGLGCNSFRYRITAREDKQGWA,270.0,False,Cyclic,True
HGEGTFTSDVSSYLEGQAAKEFIAWLVAGR,97200.0,False,"C-Terminal Amidation, N-Terminal",True
NISHTKEKKKGKAKKKRLTK,402.0,False,,False
NISHTKEKKKGKAKKKRLTK,774.0,False,N-Terminal,True
HSEGTFTSDYSKYLDSRRAQDFVQWLMNTKRNRNNIA,,False,,False
LEQYANQLADQIIKEATE,5400.0,False,,False
DIRCKDDEFTHLYTLIVRPDNTYEVKIDNSQVESGSLEDDWDFLPPKKIKDPDAAKPEDWDERAKIDDPTDSKPEDWDKPEHIPDPDAKKPEDWDEEMDGEWEPPVIQNPEYKGEWKPRQIDNP,72.6,False,,False
KPSSPPEE,7200.0,False,"C-Terminal Amidation, N-Terminal",True
NPMYNAVSNADLMDFKNLLDHLEEKMPLEDEVVPPQVLSEPNEEAGAALSPLPEVPPWTGEVSPAQRDGGALGRGPWDSSDRSALLKSKLRALLTAPR,3600.0,False,,False
HSDGIFTDSYSRYRKQMAVAKYLAAVLGKRYKQRVKNK,498.0,False,C-Terminal Amidation,True
HSDGIFTDSYSRYRKQMAVKAYLAAVLGKRYKQRVKNK,396.0,False,C-Terminal Amidation,True
HSDGIFTDSYSRYAKQMAVAKYLAAVLGKRYKQRVKNK,14400.0,False,N-Terminal,True
HSDGIFTDSYSRYRAQMAVAKYLAAVLGKRYKQRVKNK,14400.0,False,N-Terminal,True
NPVENMMDRDSQ,43200.0,False,,False
HAECTFTSDVSSYLEGQAAKEFIAWLCKGRGCPSSGAPPPSGGGGG,172800.0,False,,False
DRQIKIWFQNRRMKWKKRKIPTEDEY,18288.0,False,,False
DRQIKIWFQNRRMKWKKRKIPTEDEY,32364.0,False,N-Terminal,True
MAPRGFSCLLLLTGEIDLPVKRRA,1800.0,False,,False
KPTFRRLKWK,1020.0,False,,False
GCTFRRLKWKCG,4620.0,False,Cyclic,True
GCKPTFRRLKWKYKCG,5040.0,False,Cyclic,True
EAAGIGILTV,2700.0,False,,False
ELAGIGILTV,2400.0,False,,False
ELAGIGILTV,86400.0,False,Chemical Modification: Methylation of nitrogen of amide bond b/w Glu1 and Leu2 NMe; Methylation of carboxyl of Leu8,True
ELAGIGILTV,43200.0,False,"C-Terminal Amidation, Chemical Modification: Methylation of nitrogen of amide bond b/w Glu1 and Leu2 NMe",True
ALAGIGILTV,39600.0,False,"C-Terminal Amidation, N-Terminal",True
ALAGIGILTV,86400.0,False,"N-Terminal, Chemical Modification: Methylation of carboxyl of Leu8",True
ELAGIGILTV,72000.0,False,"C-Terminal Amidation, N-Terminal",True
ELAGIGILTV,86400.0,False,"N-Terminal, Chemical Modification: Methylation of carboxyl of Leu8",True
DLAGIGILTV,43200.0,False,"C-Terminal Amidation, N-Terminal",True
DLAGIGILTV,86400.0,False,"N-Terminal, Chemical Modification: Methylation of carboxyl of Leu8",True
GLAGIGILTV,46800.0,False,"C-Terminal Amidation, N-Terminal",True
GLAGIGILTV,86400.0,False,"N-Terminal, Chemical Modification: Methylation of carboxyl of Leu8",True
ELAGIGILTV,86400.0,False,Chemical Modification: Methylation of carboxyl of Leu2 and Leu8,True
ELAGIGILTV,43200.0,False,"C-Terminal Amidation, Chemical Modification: Methylation of carboxyl of Leu2",True
ELAGIGILTV,86400.0,False,Chemical Modification: Methylation of carboxyl of Leu2 and amino-group of Thr9 used in peptide bond,True
EACNLPIVRGPCIAFFPRWAFDAVKGKCVLFPYGGCQGNGNKFYSEKECREYCGVP,9900.0,False,,False
EACNLPIVRGPCIAFFPRWAFDAVKGKCVLFPYGGCQGNGNKFYSEKECREYCGVP,210000.0,False,N-Terminal,True
FVPIFTYGELQREHQRVQQQRKESKKPPAKLQPR,668.4,False,,False
FVPIFTYGELQRQRVQQRKESKKPPAK,345.6,False,,False
FVPIFTYGELQRQRVQQRKESKKPP,380.4,False,,False
FVPIFTYGELQRQRVQQRKESKK,368.4,False,,False
FVPIFTYGELQRQRVQQRKES,293.4,False,,False
FVPIFTYGELQRQRVQQRK,143.4,False,,False
FVPIFTYGELQRVQQRKEKKPPAKLQPR,547.2,False,,False
FVPIFTYGELQRVQQRKEFKKPPAKLQPR,463.8,False,,False
FVPIFTYGELQRVQQRKETKKPPAKLQPR,580.2,False,,False
FVPIFTYGELQRVQQRKEPKKPPAKLQPR,579.0,False,,False
FVPIFTYGELQRVQQRKELKKPPAKLQPR,547.8,False,,False
FVPIFTYGELQRVQQRKEAKKPPAKLQPR,557.4,False,,False
FVPIFTYGELQRVQQRKQSKKPPAKLQPR,339.6,False,,False
FVPIFTYGELQRVQQRKDSKKPPAKLQPR,608.4,False,,False
FVPIFTYGELQRVQQRKKKPPAKLQPR,323.4,False,,False
FVPIFTYGELQRVQQKRDSRRPPAKLQPR,473.4,False,,False
FVPIFTYGELQRVQQKKSEKRPPAKLQPR,696.0,False,,False
FVPIFTYGELQRVQQRKGESKKPPAKLQPR,631.8,False,,False
FVPIFTYGELQRQQRKESGKKPPAKLQPR,693.0,False,,False
FVPIFTYGELQRVQQRKGGESKKPPAKLQPR,690.0,False,,False
FVPIFTYGELQRVQQRKESKKAKLQPR,463.8,False,,False
FVPIFTYGELQRVQQRKESKKAKLAALKA,536.4,False,,False
FVPIFTYGELQRVQQRKESKKPPAKLAALKA,596.4,False,,False
FVPIFTYGELQRVQQRKESKKPPAELAALEA,766.8,False,,False
FVPIFTYGELQRVQQRKESKKPPAELAALKA,693.6,False,,False
FVPIFTYGELQRVQQRKESKKMITIR,263.4,False,,False
FVPIFTYGELQRVQQRKESKKPPMITIR,315.0,False,,False
FVPIFTYGELQRKESKKPAKLAALKA,617.4,False,,False
FVPIFTYGELQRVQQKKAYSPDKERKPPALQPR,781.8,False,,False
FVPIFTYGELQRVQQKKAYSPDKERKPPAKLQPR,785.4,False,,False
CFGGRMDRIGAQSGLGCNSFRYVQQRKESKKPPAKLQPR,1440.0,False,Cyclic,True
VQQRKESKKPPAKLQPRCFGGRMDRIGAQSGLGCNSFRY,2400.0,False,Cyclic,True
RPQLKAPPKKSEKRQQVCFGGRMDRIGAQSGLGCNSFRY,1632.0,False,Cyclic,True
RPQLKAPPKKSEKRQQVCFGLKLDRIGSMSGLGC,1242.0,False,Cyclic,True
CFGLKLDRIGSMSGLGCVQQRKESKKPPAKLQPR,1440.0,False,Cyclic,True
GLSKGFGLKLDRISMSGLGCVQQRKESKKPPAKLQPR,1218.0,False,Cyclic,True
CFGLKLDRIGSMSGLGCVQQRKESKKPPAKLQPRESKKPPAKLQPR,1104.0,False,Cyclic,True
RPQLKAPPKKSEKRQQVCFGLKLDRIGSMSGLGCVQQRKESKKPPAKLQPR,1042.8,False,Cyclic,True
VQQRKESKKPPAKLQPRCFGLKLDRIGSMSGLGC,1065.0,False,Cyclic,True
CFGLKLDRIGSMSGLGCVQQRKESKKPPAKLQPR,870.0,False,"C-Terminal Amidation, Cyclic",True
GLSKGCFGLKLDRIGSMSGLGCVQQRKDSKKPPAKLQPR,1874.4,False,Cyclic,True
CFGLKLDRIGSMSGLGCAGSVDHKGKQRKWDHPKR,1081.8,False,Cyclic,True
DLRVDTKSRAAWARLLQEHPNARKYKGANKKGLSKGGLSKGCFGLKLDRIGSMSGLGC,943.2,False,Cyclic,True
HGDGSFSDEMNTILDNLAARDFINWLIQTLITD,5400.0,False,C-Terminal Amidation,True
HGDGSFSDEMNTILDNLAARDFINWLIQTLITDK,58320.0,False,,False
YGGFLRRIRPK,600.0,False,,False
YGGFLRRIRPK,1800.0,False,C-Terminal Amidation,True
VKFNKPFVFLMIEQNTK,6840.0,False,,False
KGCRFGTCTVQKLAHQIYQFTDKDKDNVAPRSKISPQGY,5400.0,False,,False
HVEGTFTSDVSSYLEGQAAKEFIAWLVKGRG,162000.0,False,,False
HGEGTFTSDVSSYLEEQAAKEFIAWLVKGRG,198000.0,False,,False
HVEGTFTSDVSSYLEEQAAKEFIAWLIKGGPSSGAPPPCC,92880.0,False,,False
HVEGTFTSDVSSYLEEQAAKEFIAWLIKGGPSSGAPPPC,129600.0,False,,False
GEGTFTSDLSKQMEEEAVRLFIEWLKNGGPSSGAPPPS,248400.0,False,"N-Terminal, Chemical Modification: Pegylation at K27",True
VEGTFTSDVSSYLEEQAAKEFIAWLIKGGPSSGAPPPCC,97200.0,False,"N-Terminal, Chemical Modification: Pegylation at K20 and K28",True
CDLPQTHSLGSRRTLMLLAQMRKISLFSCLKDRHDFGFPQEEFGNQFQKAETIPVLHEMIQQIFNLFSTKDSSAAWDETLLDKFYTELYQQLNDLEACVIQGVGVTETPLMKEDSILAVRKYFQRITLYLKEKKYSPCAWEVVRAEIMRSFSLSTNLQESLRSKE,234000.0,False,"N-Terminal, Cyclic",True
CDLPQTHSLGSRRTLMLLAQMRKISLFSCLKDRHDFGFPQEEFGNQFQKAETIPVLHEMIQQIFNLFSTKDSSAAWDETLLDKFYTELYQQLNDLEACVIQGVGVTETPLMKEDSILAVRKYFQRITLYLKEKKYSPCAWEVVRAEIMRSFSLSTNLQESLRSKE,3600.0,False,"Cyclic, Chemical Modification: Glycosylation at Thr-105",True
CKAFSNSYPYDVPDYASL,120.0,False,"C-Terminal Amidation, N-Terminal",True
GPETLCGAELVDALQFVCGDRGFYFNKPTGYGYGSSRRAPQTGIVDECCFRSCDLRRLMYCAPLKPAKSA,72000.0,False,,False
RDYWGWLDF,162.0,False,"C-Terminal Amidation, Chemical Modification: Sulphation of Tyrosine residue at position 3",True
DRDYMGWMDF,1800.0,False,"C-Terminal Amidation, Chemical Modification: Sulphation of tyrosine residue at position 4",True
MKAIFVLKGWWRTS,210.0,False,,False
HDEFERHAEGTFTSDVSSYLEGQAAKEFIAWLVKGR,126.0,False,C-Terminal Amidation,True
RPD,60.0,False,"N-Terminal, Chemical Modification: C14 Radiolabeling",True
NCPR,600.0,False,Chemical Modification: At 2 position cystine is replaced by cysteine,True
DPLPEF,1800.0,False,C-Terminal Amidation,True
DPLPEF,18000.0,False,,False
DPLPEF,18000.0,False,Chemical Modification: Hydroxylation of amino group of Phenylalanine,True
MEPLGWQLTSGPNQEQVSPLTLLK,1140.0,False,Chemical Modification: I125 radiolabeling,True
NQEQVSPLTLLK,1260.0,False,Chemical Modification: Biotinylation at lysine residueposition 24,True
GPATLCGAELVDALQFVCGDRGFYFNKPTGYGSSSRRAPQTGIVDECCFRSCDLRRLEMYCAPLKPAKSA,115.2,False,Chemical Modification: I125 radiolabeling,True
SVTLFGESAGAASVSLHLLSPGSHSLFTR,7200.0,False,Chemical Modification: Methylcarbamylated at serine position 8,True
MFPAMPLSSLFVNGPRTLCGAELVDALQFVCGDRGFYFNKPTGYGSSSRRAPQTGIVDECCFRSCDLRRLEMYCAPLKPAKSA,3000.0,False,"N-Terminal, Chemical Modification: I125 labeling",True
VNTPEHVVPYGLGSPRS,3420.0,False,,False
CSCSSLMDKECVYFCHLDIIWVNTPERVVPYGLGSPSRS,1500.0,False,,False
VNTPERVVPYGLGSPSRS,2820.0,False,,False
DGGFL,1272.0,False,,False
YEPGKSSILQHERPVTKPQA,570.0,False,C-Terminal Amidation,True
YEPGKSS,450.0,False,C-Terminal Amidation,True
YEPGKSS,1074.0,False,"C-Terminal Amidation, Chemical Modification: [2-dehydro-Pro1.5]C is attached and tritiated",True
EAKSQGGSN,150.0,False,,False
YGGFLRRIRPKLKWDN,2520.0,False,,False
YGGFLRRIRPKLKWDN,4020.0,False,"Chemical Modification: The reduced bond psi [CH,-NH] was introduced at position 1-2",True
YGGFLRRIRPKLKWDN,2580.0,False,"Chemical Modification: The reduced bond psi [CH,-NH] was introduced at position 3-4",True
YGGFLRRIRPKLKWDN,6000.0,False,"Chemical Modification: The reduced bond psi [CH,-NH] was introduced at position 4-5",True
YGGFLRRIRPKLKWDN,30000.0,False,"Chemical Modification: The reduced bond psi [CH,-NH] was introduced at position 5-6",True
YGGFLRRIRPKLKWDN,4800.0,False,"Chemical Modification: The reduced bond psi [CH,-NH] was introduced at position 6-7",True
YGGFLRRIRPKLKWDN,11520.0,False,"Chemical Modification: The reduced bond psi [CH,-NH] was introduced at position 7-8",True
YGGFLRRIRPKLKWDN,11460.0,False,"Chemical Modification: The reduced bond psi [CH,-NH] was introduced at position 8-9",True
YGGFLRRIRPKLKWDN,5580.0,False,"Chemical Modification: The reduced bond psi [CH,-NH] was introduced at position 9-10",True
HAEGTFTSDVSSYLEGQAAKEFIAWLVRGRG,50400.0,False,Chemical Modification: γ-Glu-palmitoyl residue at position 21,True
VGDGGLFEKKL,21600.0,False,"C-Terminal Amidation, N-Terminal",True
CYTSLIHSLIEESQNQQEKNEQELLELDKWASLWNWF,37440.0,False,"N-Terminal, Chemical Modification: Mal-PEG12-CP was conjugated to Cys-enfuvirtide",True
GKAFRR,2400.0,False,"N-Terminal, Chemical Modification: Ligated with potent cytotoxin thapsigargin, L12ADT",True
NQEEVSPYTLLKG,4320.0,False,"N-Terminal, Chemical Modification: Tyr residue at 8 position is Iodionated",True
EDYELMDLLAYLK,4260.0,False,Chemical Modification: 111In radiolabeling,True
PSSSLHLHRRITHHRRLGCFRSSGSLLNNAMKGGVDDEITLSAYITMALLESSLPDTDP,10200.0,False,Chemical Modification: Glycosylation,True
PSSSLHLHRRITHHRRLGCFRSSGSLLNNAMKGGVDDEITLSAYITMALLESSLPDTDP,1800.0,False,,False
MFPAMPLSSLFVNGPRTLCGAELVDALQFVCGDRGFYFNKPTGYGSSSRRAPQTGIVDECCFRSCDLRRLEMYCAPLKPAKSA,168.0,False,Chemical Modification: I125 labeling,True
SYSMEHFRWGKPVGKKRRPVKVYPAGEDDEASEAFPLEF,439.2,False,,False
GYSMEHFRYGKPVGKKRR,156.0,False,C-Terminal Amidation,True
YRGDS,30.0,False,,False
YRGDS,1800.0,False,"Chemical Modification: I125 radiolabeling, covalently attached to an isocyanate-containing poly urethane prepolymer",True
PPPPPARPYSFGL,4260.0,False,C-Terminal Amidation,True
FPESKATNATLDPRPGGGGNGDFEEIPEEYLQ,489.0,False,Chemical Modification: I125 labeling,True
HSSKLQ,79200.0,False,N-Terminal,True
SSKYQ,11520.0,False,N-Terminal,True
AEIYNKDGNKLDLYG,1800.0,False,,False
HAEGTFTSDVSSYLEGQAAKEFIAWLVRGRPSSGAPPPS,1170.0,False,,False
EGTFTSDVSSYLEGQAAKEFIAWLVKGR,14400.0,False,C-Terminal Amidation,True
MKFTLFSVLVVLLIATFVAADDCPRICTADFRPVCGTPSGGRRSANRTFGNQCSLDSHNCLNKGDTYDKLHDGECK,3600.0,False,,False
HAEGTFTSDVSCYLEGQAACEFIAWLVKGRG,18000.0,False,Cyclic,True
HAEGTFTSDVSCYLEGQAACEFIAWLVKGRGKKK,288000.0,False,Cyclic,True
HAEGTFTSDVSCYLEGQAACEFIAWLVKGRGKKKKKK,252000.0,False,Cyclic,True
HAEGTFTSDVSCYLEGQAACEFIAWLVKGRGSSSSSS,27000.0,False,Cyclic,True
HAEGTFTSDVSCYLEGQAACEFIAWLVKGRGVVVVVV,18000.0,False,Cyclic,True
HAEGTFTSDVSCYLEGQAACEFIAWLVKGRG,120.0,False,,False
MIFVKTLTGKTIL,5400.0,False,,False
PLLQATL,5400.0,False,,False
CYTSLIHSLIEESQNQQEKNEQELLELDKWASLWNWF,83160.0,False,"C-Terminal Amidation, N-Terminal",True
HSDAVFTDNYTRLRKQVAAKKYLQSIKNKRY,250.8,False,,False
MWQRPSSWIEGRFPHSDAVFTDQYTRLRKQLAAKKYLQSLKQKRY,34956.0,False,,False
HAEGTFTSDVSSYLEGQAAKEEFIIAWLVKGRG,32400.0,False,Chemical Modification: Acylation of peptide at K-26 with C-18palmitic acid fatty di-acid chain,True
LLTHTISRIAVSYQTKVNLL,345.6,False,,False
MWQRPSSWIEGRLLTHTISRIAVSYQTKVNLL,47196.0,False,,False
GLSKGCFGLKLDRIGSMSGLGCPSLRDPRPNAPSTSA,1197.0,False,Cyclic,True
CRKEVY,8064.0,False,Cyclic,True
SKLQ,23400.0,False,"C-Terminal Amidation, N-Terminal",True
HSSKLQ,43200.0,False,"C-Terminal Amidation, N-Terminal",True
SQEPPISLVLTFHLLREVLEMTKADQLAQQAHSNRKLLDIA,2568.0,False,,False
GWTLNSAGYLLGPHAI,1680.0,False,,False
YADAIFTNSYRKVLGQLSARKLLQDIMSR,3600.0,False,"C-Terminal Amidation, N-Terminal",True
AQKVNSGEPRAHLGALLARYIQQARKAPSGRMSVIKNLQNLDPSHRISDRDYMGWMDF,2700.0,False,C-Terminal Amidation,True
YADAIFTNSYRKVLGQLSARKLLQDILSRQQG,727200.0,False,C-Terminal Amidation,True
NPVYSAVSNTDLMDFKNLLDHLEEKMPVEDEVMPPQALSEQTDEAGAALSSLSEVPPWTGEVNPSQRDGGALGRGPWDPSDRSALLKSKLRALLAGPR,3288.0,False,Chemical Modification: Radioiodinated peptide at Tyr-4,True
YADAIFTNSYRKVLGQLSARKLLQDIMSRQQGESNQERGA,3438.0,False,C-Terminal Amidation,True
FVNQHLCGSHVDELQYLCGDRGFYFNKPTGYGSSSRRAPQTGIVDECCFRSCDLRRLEMYCAPLKPAKSA ,1650.0,False,,False
GPQALCGAELVDALYLVCGDRGFYFNKPTGYGSSSRRAPQTGIVDECCFRSCDLRRLEMYCAPLKPAKSA ,1614.0,False,,False
GPETLCGAELVDALQFVCGDRGFYFNKPTGYGSSSRRAPQTGIVDECCFRSCDLRRLEMYCAPLKPAKSA ,900.0,False,,False
YRGDS,1800.0,False,Chemical Modification: Peptide covalently attached to Isocyanate containing polyurethane prepolymer,True
RRSSCFGGRIDIIGAQSGLGCNSFRY,246.0,False,Cyclic,True
HAEGTFTSDVSSYLEGQAAKEFIAWLVK,7200.0,False,"C-Terminal Amidation, N-Terminal",True
PGDSTRKCMDLKGNK,3240.0,False,,False
DRDYMGWMDF,28800.0,False,"C-Terminal Amidation, Chemical Modification: SO3H Group at Tyr-4, Coupled to PEG10KDa, PEG=Polyethylene glycol, CCK-10=Cholecystokinin",True
NHHGRRRRRRRRRRR,642.0,False,"N-Terminal, Chemical Modification: Cu-labelled",True
FPTIPLSRLFDNAMLRAHRLHQLAFDTYQEFEEAYIPKEQKYSFLQNPQTSLCFSESIPTPSNREETQQKSNLELLRISLLLIQSWLEPVQFLRSVFANSLVYGASDSNVYDLLKDLEEGIQTLMGRLEDGSPRTGQIFKQTYSKFDTNSHNDDALLKNYGLLYCFRKDMDKVETFLRIVQCRSVEGSCGF,1080.0,False,,False
ANTFLEEVRKGNLERECVEETCSYEEAFEALESSTATDVFWAKYTACETARTPRDKLAACLEGNCAEGLGTNYRGHVNITRSGIECQLWRSRYPHKPEINSTTHPGADLQENFCRNPDSSTTGPWCYTTDPTVRRQECSIPVCGQDQVTVAMTPRSEGSSVNLSPPLEQCVPDRGQQYQGRLAVTTHGLPCLAWASAQAKALSKHQDFNSAVQLVENFCRNPDGDEEGVWCYVAGKPGDFGYCDLNYCEEAVEEETGDGLDEDSDRAIEGRTA,5400.0,False,,False
SDAAVDTSSEITTKDLKEKKEVVEEAENRKDVY,8400.0,False,N-Terminal,True
QWAVGHLM,1872.0,False,"C-Terminal Amidation, N-Terminal",True
MCMPCFTTDHQMARKCDDCCGGKGRGKCYGPQCLCRGAGAAGG,39600.0,False,"Cyclic, Chemical Modification: N-hydroxysuccinimide esterNHS-estermodified Cy5.5 at Lysine 15,23 and 28",True
EWDREINNYTSLIHSLIEESQNQQEKNECELLELDKWASLW,2232.0,False,,False
CEWDREINNYTSLIHSLIEESQNQQEKNEQELLELDKWASLW,2316.0,False,,False
CEWDREINNYTSLIHSLIEESQNQQEKNEQELLELDKWASLW,2400.0,False,N-Terminal,True
EWDREINNYTSLIHSLIEESQNQQEKNECELLELDKWASLW,2646.0,False,Chemical Modification: Pegylation-PEG750 of cysteine at 4th position,True
EWDREINNYTSLIHSLIEESQNQQEKNECELLELDKWASLW,4044.0,False,Chemical Modification: Pegylation-PEG2000 of cysteine at 4th position,True
EWDREINNYTSLIHSLIEESQNQQEKNECELLELDKWASLW,3012.0,False,Chemical Modification: Pegylation-PEG750 of cysteine at 11th position,True
EWDREINNYTSLIHSLIEESQNQQEKNECELLELDKWASLW,5460.0,False,Chemical Modification: Pegylation-PEG2000 of cysteine at 11th position,True
EWDREINNYTSLIHSLIEESQNQQEKNECELLELDKWASLW,3222.0,False,Chemical Modification: Pegylation-PEG750 of cysteine at 15th position,True
EWDREINNYTSLIHSLIEESQNQQEKNECELLELDKWASLW,4944.0,False,Chemical Modification: Pegylation-PEG2000 of cysteine at 15th position,True
EWDREINNYTSLIHSLIEESQNQQEKNECELLELDKWASLW,3018.0,False,Chemical Modification: Pegylation-PEG750 of cysteine at 18th position,True
EWDREINNYTSLIHSLIEESQNQQEKNECELLELDKWASLW,4878.0,False,Chemical Modification: Pegylation-PEG2000 of cysteine at 18th position,True
EWDREINNYTSLIHSLIEESQNQQEKNECELLELDKWASLW,3108.0,False,Chemical Modification: Pegylation-PEG750 of cysteine at 22nd position,True
EWDREINNYTSLIHSLIEESQNQQEKNECELLELDKWASLW,4842.0,False,Chemical Modification: Pegylation-PEG2000 of cysteine at22nd position,True
EWDREINNYTSLIHSLIEESQNQQEKNECELLELDKWASLW,3486.0,False,Chemical Modification: Pegylation-PEG750 of cysteine at 29th position,True
EWDREINNYTSLIHSLIEESQNQQEKNECELLELDKWASLW,5046.0,False,Chemical Modification: Pegylation-PEG2000 of cysteine at 29th position,True
EWDREINNYTSLIHSLIEESQNQQEKNEQELLELDKWASLWC,2340.0,False,,False
EWDREINNYTSLIHSLIEECQNQQEKNEQELLELDKWASLW,2316.0,False,,False
EWDREINNYTSLIHSLIEECQNQQEKNEQELLELDKWASLW,2520.0,False,Chemical Modification: Pegylation-PEG750 of cysteine at 20th position,True
EWDREINNYTSLIHSLIEECQNQQEKNEQELLELDKWASLW,4578.0,False,Chemical Modification: Pegylation-PEG2000 of cysteine at 20th position,True
VDCFLSRPTEKT,8734.2,False,,False
VDCFLSRPTEKT,18080.4,False,N-Terminal,True
HGDGSFSDEMNTILDNLAARDFINWLIQTKITDK,138600.0,False,,False
FVNQHLCGSHLVEALYLVCGERGFFYTPKARREAQNPQAGAVELGGGLGGLNALALEGPPQKRGIVEQCCTSICSLYQLENYCN,492.0,False,Cyclic,True
RREAQNPQAGAVELGGGLGGLNALALEGPPQKRG,594.0,False,,False
GCRFGTCT,67.5,False,,False
HPAGKRPCKMQAFRIWDTNQKTFYLRNNQLIAGYLQGPNTKLEEKIDMVPIDFRNVFLGIHGGKLCLSCVKSGDDTKLQLEEVNITDLNKNKEEDKRFTFIRSETGPTTSFESLACPGWFLCTTLEADHPVSLTNTPKEPCTVTKFYFQEDQ,630.0,False,"Cyclic, Chemical Modification: Glycosylation at 84th position",True
RQIKIWFQNRRMKWKKNELKRAFAALRDQI,26244.0,False,,False
HGEGTFTSDLSKQLEEEAVRLFIEWLKNGGPSSGAPPPS,2580.0,False, Amidation,True
RLIEDICLPRWGCLWEDD,8280.0,False,"Acetylation, Amidation",True
CNGRCGGK,924.0,False,"Acetylation, Amidation",True
NISHTKEKKKGKAKKKRLTK,162.0,False,,False
KPSSPPEE,7200.0,False,"Acetylation, Amidation",True
HSDGIFTDSYSRYRKQMAVKAYLAAVLGKRYKQRVKNK,396.0,False, Amidation,True
GCTFRRLKWKCG,4620.0,False,,False
GCKPTFRRLKWKYKCG,5040.0,False,,False
ALAGIGILTV,39600.0,False,"Beta-Alanine1, Amidation",True
DLAGIGILTV,43200.0,False,"Beta-Asp1, Amidation",True
FVPIFTYGELQRSPEHQRVQQRKESKKPPAKLQPR,704.4,False,,False
FVPIFTYGELQRQRVQQRKESKKPPAKLQPR,315.0,False,,False
FVPIFTYGELQRVQQRKESKKPPAKLQ,625.8,False,,False
FVPIFTYGELQRVQQRKGGESKKPPAKLQPR,639.0,False,,False
CFGGRMDRIGAQSGLGCNSFRYVQQRKESKKPPAKLQPR,2784.0,False,,False
VQQRKESKKPPAKLQPRCFGGRMDRIGAQSGLGCNSFRY,3438.0,False,,False
RPQLKAPPKKSEKRQQVCFGGRMDRIGAQSGLGCNSFRY,2268.0,False,,False
CFGLKLDRIGSMSGLGCVQQRKESKKPPAKLQPR,901.8,False,,False
GLSKGFGLKLDRISMSGLGCVQQRKESKKPPAKLQPR,1218.0,False,,False
VQQRKESKKPPAKLQPRCFGLKLDRIGSMSGLGC,1065.0,False,,False
RPQLKAPPKKSEKRQQVCFGLKLDRIGSMSGLGC,891.6,False,,False
CFGLKLDRIGSMSGLGCVQQRKESKKPPAKLQPR,870.0,False, Amidation,True
GLSKGCFGLKLDRIGSMSGLGCVQQRKDSKKPPAKLQPR,1874.4,False,,False
CFGLKLDRIGSMSGLGCAGSVDHKGKQRKWDHPKR,1081.8,False,,False
HGDGSFSDEMNTILDNLAARDFINWLIQTLITD,3240.0,False, Amidation,True
YGGFLRRIRPK,600.0,False, Addition of hydroxyl group,True
YGGFLRRIRPK,1800.0,False, Amidation,True
TSEKSQTPLVTL,36.0,False,,False
DPLPEF,1800.0,False, Amidation,True
MEPLGWQLTSGPNQEQVSPLTLLK,1140.0,False,,False
YEPGKSSILQHERPVTKPQA,570.0,False, Amidation,True
YEPGKSS,450.0,False, Amidation,True
VGDGGLFEKKL,21600.0,False,"Acetylation, Amidation",True
FPESKATNATLDPRPGGGGNGDFEEIPEEYLQ,513.6,False,,False
EGTFTSDVSSYLEGQAAKEFIAWLVKGR,2160.0,False, Amidation,True
HSDAVFTDNYTRLRKQVAAKKYLQSIKNKRY,300.0,False,,False
MWQRPSSWIEGRFPHSDAVFTDQYTRLRKQLAAKKYLQSLKQKRY,43884.0,False,,False
CRKEVY,10620.0,False,,False
YADAIFTNSYRKVLGQLSARKLLQDIMSR,372.0,False, Amidation,True
YADAIFTNSYRKVLGQLSARKLLQDIMSRQQGESNQERGA,192.0,False, Amidation,True
HDEFERHAEGTFTSDVSSYLEGQAAKEFIAWLVKGR,684.0,False, Amidation,True
RRSSCFGGRIDIIGAQSGLGCNSFRY,246.0,False,,False
SDAAVDTSSEITTKDLKEKKEVVEEAENRKDVY,8400.0,False,Acetylation,True
FPRPGGGGNGDFEEIPEEYL,1500.0,False,,False
KCNTATCATQRLANFLVHSSNNFGPILPPTNVGSNTY,2880.0,False, Amidation,True
SYSMEHFRWGKPVGKKRRPVKVYPDGAEDQLAEAFPLEF,900.0,False,,False
