sequence,half_life_seconds
RRWQWR,1800.0
RRWWRF,1800.0
RRWQWR,1800.0
RRWWRF,1800.0
RRWQWR,3600.0
RRWWRF,3600.0
RRWQWR,5400.0
RRWWRF,5400.0
RRWQWR,86400.0
RRWWRF,86400.0
CRRWQWRC,5400.0
CRRWWRFC,23400.0
RRWQWRMKKLG,1800.0
CRRWWRFC,23400.0
RRWQWRMKKLG,6600.0
CRRWQWRMKKLGC,6600.0
AAGIGILTV,22.0
ALCDNPRIDRWYCQFVEG,456.0
DAEFRHDSGYEVHHQKLVFFAEDVGSNKGAIIGLMVGGVV,144.0
DAEFRHDSGYEVHHQKLVFFAEDVGSNKGAIIGLMVGGVVIA,168.0
HAEGTFTSDVSSYLEGQAAKEFIAWLVKGR,20880.0
HAEGTFTSDVSSYLEGQAAKEFIAWLVKGR,43200.0
GVQLDLDEAI,4800.0
PINPRLDG,900.0
DGEQLADLIV,900.0
KKKQYTSIHHGVVEVDAAVTPEERHLSKMQQNGYENPTYKFFEQMQNIATVIVITLVML,300.0
RQIKIWFQNRRMKWKKNELKRAFAALRDQI,43020.0
HAEGTFTSDVSSYLEGQAAKEFIAWLVKGR,195.0
SPKMMHKSGCFGRRLDRIGSLSGLGCNVLRKY,94.2
LPFFD,86400.0
LP-(NMe)-FFD,86400.0
LP-(NMe)-FF-(NMe)-D,86400.0
LP-(NMe)-F-(NMe)-FD,86400.0
LP-(NMe)-F-(NMe)-F-(NMe)-D,86400.0
LP-(αMe)-F-(αMe)-FD,86400.0
LPFFD,300.0
Sar-LPFFD,25200.0
(Nme)-Sar-LPFFD,21600.0
H-Abu-EGTFTSDVSSYLEGQAAKEFIAWLVKGR,43200.0
YAEGTFISDYSIAMDKIHQQDFVNWLLAQKGKKNDWKHNITQ,21600.0
Y-Abu-EGTFISDYSIAMDKIHQQDFVNWLLAQKGKKNDWKHNITQ,25560.0
N-((R)-(((2S)-2-((-p-Amidobenzyl)carbamoyl)-1-azetidinyl)carbonyl)cyclohexylmethyl)glycine,14400.0
KKVVFKVKFK,360.0
KΨ[CH2NH]KVVFKVKFK,840.0
KΨ[CH2NH]KVVFKVKFk,1380.0
KKΨ[CH2NH]VVFKVKFk,4860.0
KΨ[CH2NH]KΨ[CH2NH]VVFKVKFk,4860.0
KΨ[CH2OCONH]KVVFKVKFk,1380.0
KΨ[CH2OCONH]KΨ[CH2OCONH]VVFKVKFk,4020.0
kKVVFKVKFk,1320.0
HAEGTFTSDVSSYLEGQAAKEFIAWLVKGR,43200.0
TaLIDNNATEEILY,252.0
TaIIDNNKTEKEISY,150.0
APPRLICDSRVLERYLLEAKEAENITTGCAEHCSLNENITVPDTKVNFYAWKRMEVGQQAVEVWQGLALLSEAVLRGQALLVNSSQPWEPLQLHVDKAVSGLRSLTTLLRALGAQKEAISPPDAASAAPLRTITADTFRKLFRVYSNFLRGKLKLYTGEACRTGDR,30600.0
APPRLICDSRVLERYLLEAKEAENITTGCAEHCSLNENITVPDTKVNFYAWKRMEVGQQAVEVWQGLALLSEAVLRGQALLVNSSQPWEPLQLHVDKAVSGLRSLTTLLRALGAQKEAISPPDAASAAPLRTITADTFRKLFRVYSNFLRGKLKLYTGEACRTGDR,91080.0
SPKMVQGSGCFGRKMDRISSSSGLGCKVLRRH,762.0
MMRDSGCFGRRLDRIGSLSGLGCNVLRRY,156.0
SLRRSSCFGGRMDRIGAQSGLGCNSFRY,180.0
SPTLAYAVP,210.0
LW,444.0
SY,312.0
VY,900.0
LY,258.0
AY,564.0
YY,960.0
AD,3840.0
H-Aib-EGTFTSDVSSYLEGQAAKEFIAWLVK-Aib-R,35280.0
HSQGTFTSDYSKYLDSRRAQDFVQWLMNTGGEGSGEGSEGEGSEGSGEGEGSEGSGEGEGGSEGSEGEGGSEGSEGEGGSEGSEGEGSGEGSEGEGGSEGSEGEGSGEGSEGEGSEGGSEGEGGSEGSEGEGSGEGSEGEGGEGGSEGEGSEGSGEGEGSGEGSEGEGSEGSGEGEGSGEGSEGEGSEGSGEGEGSEGSGEGEGGSEGSEGEGSEGSGEGEGGEGSGEGEGSGEGSEGEGGGEGSEGEGSGEGGEGEGSEGGSEGEGGSEGGEGEGSEGSGEGEGSEGGSEGEGSEGGSEGEGSEGSGEGEGSEGSGEG,32400.0
HSQGTFTSDYSKYLDSRRAQDFVQWLMNTGGEGGSEGSEGEGSEGSGEGEGGSEGSEGEGSEGSGEGEGGSEGSEGEGGSEGSEGEGGEGSGEGEGSEGSGEGEGSGEGSEGEGGSEGGEGEGSEGGSEGEGSEGGSEGEGGEGSGEGEGGGEGSEGEGSEGSGEGEGSGEGSEG,34200.0
HSQGTFTSDYSKYLDSRRAQDFVQWLMNT,600.0
HGEGTFTSDLSKQMEEEAVRLFIEWLKNGGPSSGAPPPS,9900.0
HGEGTFTSDLSKQMEEEAVRLFIEWLKNGGPSSGAPPPS,21960.0
HGEGTFTSDLSKQMEEEAVRLFIEWLKNGGPSSGAPPPS,177840.0
HGEGTFTSDLSKQMEEEAVRLFIEWLKNGGPSSGAPPPS,253800.0
HGEGTFTSDLSKQMEEEAVRLFIEWLKNGGPSSGAPPPS,275040.0
H-Aib-EGTFTSDVSSYLEGQAAKEFIAWLVKGR,21240.0
HAEGTFTSDVSSYLEGQAAKEFIAWLVK-Aib-R,7200.0
VRRADRAAVPGGGGRG,1110.0
VRRADRAAVPGGGGRG,475200.0
GGFAEGTFTSDVSSYLEGQAAKEFIAWLVKGRPSSGAPPPS,3240.0
GGFAEGTFTSDVSSYLEGQAAKEFIAWLVKGRPSSGAPPPS,3960.0
GFFAEGTFTSDVSSYLEGQAAKEFIAWLVKGRPSSGAPPPS,2520.0
GfFAEGTFTSDVSSYLEGQAAKEFIAWLVKGRPSSGAPPPS,3240.0
GVFAEGTFTSDVSSYLEGQAAKEFIAWLVKGRPSSGAPPPS,16920.0
GvFAEGTFTSDVSSYLEGQAAKEFIAWLVKGRPSSGAPPPS,18360.0
G-tBu-FAEGTFTSDVSSYLEGQAAKEFIAWLVKGRPSSGAPPPS,604800.0
G-PhG-FAEGTFTSDVSSYLEGQAAKEFIAWLVKGRPSSGAPPPS,1800.0
G-Aib-FAEGTFTSDVSSYLEGQAAKEFIAWLVKGRPSSGAPPPS,2880.0
GVFAEGTFTSDVSSYLEGQAAKEFIAWLVKGRPSSGAPPPS,73440.0
FGFAEGTFTSDVSSYLEGQAAKEFIAWLVKGRPSSGAPPPS,9000.0
FAFAEGTFTSDVSSYLEGQAAKEFIAWLVKGRPSSGAPPPS,10080.0
FaFAEGTFTSDVSSYLEGQAAKEFIAWLVKGRPSSGAPPPS,8640.0
FFFAEGTFTSDVSSYLEGQAAKEFIAWLVKGRPSSGAPPPS,119880.0
FfFAEGTFTSDVSSYLEGQAAKEFIAWLVKGRPSSGAPPPS,27720.0
FVFAEGTFTSDVSSYLEGQAAKEFIAWLVKGRPSSGAPPPS,604800.0
FvFAEGTFTSDVSSYLEGQAAKEFIAWLVKGRPSSGAPPPS,182160.0
FVFAEGTFTSDVSSYLEGQAAKEFIAWLVKGRPSSGAPPPS,230400.0
YaGFMPLW,17280.0
YaGF-Nle-PLW,21600.0
YaGF-Nle-P-Ser(Glc)-W,21600.0
YaGF-Nle-PL-Ser(Glc)-W,86400.0
MLTKFETKSARVKGLSFHPKRPWIL,9720.0
AEGTFTSDVSSYLEGQAAREFIAWLVK(Oct)GRG,3960.0
HGEGTFTSDLSKQLEEEAVRLFIEWLKNGGPSSGAPPPS,18000.0
FVPIFTYGELQRMQEKERNKGQ,198.0
FVPIFTYGELQRSPEHQRVQQRKESKKPPAKLQPR,702.0
FVPIFTYGELQREHQRVQQRKESKKPPAKLQPR,666.0
FVPIFTYGELQRQRVQQRKESKKPPAKLQPR,534.0
FVPIFTYGELQRVQQRKESKKPPAKLQPR,534.0
FVPIFTYGELQRQRKESKKPPAKLQPR,480.0
FVPIFTYGELQRKESKKPPAKLQPR,564.0
FVPIFTYGELQRSKKPPAKLQPR,318.0
FVPIFTYGELQRKKPPAKLQPR,360.0
FVPIFTYGELQRVQQRKESKKPPAKLQ,624.0
FVPIFTYGELQRVQQRKESKKPPAK,348.0
FVPIFTYGELQRVQQRKESKKPP,378.0
FVPIFTYGELQRVQQRKESKK,420.0
FVPIFTYGELQRVQQRKES,186.0
FVPIFTYGELQRVQQRK,144.0
HADGSFSDEMNTILDNLAARDFINWLIQTKITD,408.0
YADAIFTNSYRKVLGQLSARKLLQDIMSR,900.0
YADAIFTNSYRKVLGQLSARKLLQDIMSR,36000.0
YADAIFTNSYRKVLGQLSARKLLQDIMSR,12960.0
YADAIFTNSYRKVLGQLSARKLLQDIMSR,14400.0
GSIGAASMEF,2.7013
IGAASMEFCF,0.0629
AASMEFCFDV,0.0556
SMEFCFDVFK,0.0103
EFCFDVFKEL,0.0088
CFDVFKELKV,0.0122
DVFKELKVHH,0.0101
FKELKVHHAN,0.0094
ELKVHHANEN,0.1969
KVHHANENIF,1.2897
HHANENIFYC,0.0485
ANENIFYCPI,0.1557
ENIFYCPIAI,0.089
IFYCPIAIMS,0.0469
YCPIAIMSAL,0.2911
PIAIMSALAM,0.1596
AIMSALAMVY,0.0512
MSALAMVYLG,0.0132
ALAMVYLGAK,0.0077
AMVYLGAKDS,0.0111
VYLGAKDSTR,0.0135
LGAKDSTRTQ,0.0122
AKDSTRTQIN,0.0092
DSTRTQINKV,0.021
TRTQINKVVR,0.0027
TQINKVVRFD,0.0094
INKVVRFDKL,0.0069
KVVRFDKLPG,0.0119
VRFDKLPGFG,0.1526
FDKLPGFGDS,25.2445
KLPGFGDSIE,40.1296
PGFGDSIEAQ,17.8114
FGDSIEAQCG,7.122
DSIEAQCGTS,13.4815
IEAQCGTSVN,6.4814
AQCGTSVNVH,4.3435
CGTSVNVHSS,1.1378
TSVNVHSSLR,0.1177
VNVHSSLRDI,0.0148
VHSSLRDILN,0.0527
SSLRDILNQI,0.1504
LRDILNQITK,0.0939
DILNQITKPN,4.1593
LNQITKPNDV,20.6999
QITKPNDVYS,0.2963
TKPNDVYSFS,0.012
PNDVYSFSLA,0.0026
DVYSFSLASR,0.0037
YSFSLASRLY,0.0019
FSLASRLYAE,0.0035
LASRLYAEER,0.0031
SRLYAEERYP,0.0052
LYAEERYPIL,0.1052
AEERYPILPE,11.4998
ERYPILPEYL,1.466
YPILPEYLQC,0.1016
ILPEYLQCVK,0.3817
PEYLQCVKEL,0.1101
YLQCVKELYR,0.0263
QCVKELYRGG,0.0128
VKELYRGGLE,0.0225
ELYRGGLEPI,0.0244
YRGGLEPINF,0.0238
GGLEPINFQT,0.0336
LEPINFQTAA,0.0242
PINFQTAADQ,0.0812
NFQTAADQAR,0.1293
QTAADQAREL,0.0514
AADQARELIN,0.0325
DQARELINSW,0.0224
ARELINSWVE,0.0156
ELINSWVESQ,1.2344
INSWVESQTN,3.3348
SWVESQTNGI,0.7564
VESQTNGIIR,0.3309
SQTNGIIRNV,0.0066
TNGIIRNVLQ,0.0072
GIIRNVLQPS,0.0038
IRNVLQPSSV,0.0049
NVLQPSSVDS,0.3384
LQPSSVDSQT,0.1866
PSSVDSQTAM,4.5647
SVDSQTAMVL,0.2013
DSQTAMVLVN,0.0195
QTAMVLVNAI,0.0264
AMVLVNAIVF,0.0165
VLVNAIVFKG,0.0087
VNAIVFKGLW,0.0051
AIVFKGLWEK,0.0054
VFKGLWEKAF,0.0039
KGLWEKAFKD,0.0053
LWEKAFKDED,0.0131
EKAFKDEDTQ,0.0329
AFKDEDTQAM,7.6573
KDEDTQAMPF,0.6468
EDTQAMPFRV,0.0033
TQAMPFRVTE,0.0047
AMPFRVTEQE,0.0063
PFRVTEQESK,0.131
RVTEQESKPV,2.1948
TEQESKPVQM,19.4782
QESKPVQMMY,3.8079
SKPVQMMYQI,0.124
PVQMMYQIGL,0.088
QMMYQIGLFR,0.006
MYQIGLFRVA,0.0025
QIGLFRVASM,0.0015
GLFRVASMAS,0.006
FRVASMASEK,0.0082
VASMASEKMK,0.1745
SMASEKMKIL,0.0072
ASEKMKILEL,0.0103
EKMKILELPF,0.0135
MKILELPFAS,0.0183
ILELPFASGT,0.0767
ELPFASGTMS,0.0648
PFASGTMSML,3.844
ASGTMSMLVL,0.1692
GTMSMLVLLP,0.0949
MSMLVLLPDE,0.0317
MLVLLPDEVS,0.323
VLLPDEVSGL,8.3587
LPDEVSGLEQ,0.3722
DEVSGLEQLE,0.1719
VSGLEQLESI,1.0014
GLEQLESIIN,0.5162
EQLESIINFE,0.0686
LESIINFEKL,0.0663
SIINFEKLTE,0.0667
INFEKLTEWT,0.0541
FEKLTEWTSS,0.0563
KLTEWTSSNV,0.4176
TEWTSSNVME,0.5842
WTSSNVMEER,0.9286
SSNVMEERKI,0.0399
NVMEERKIKV,0.0072
MEERKIKVYL,0.0037
ERKIKVYLPR,0.0008
KIKVYLPRMK,0.0017
KVYLPRMKME,0.0044
YLPRMKMEEK,0.0088
PRMKMEEKYN,0.0056
MKMEEKYNLT,0.0367
MEEKYNLTSV,0.0093
EKYNLTSVLM,0.0124
YNLTSVLMAM,0.0294
LTSVLMAMGI,0.0787
SVLMAMGITD,0.1194
LMAMGITDVF,0.8333
AMGITDVFSS,0.0154
GITDVFSSSA,0.0178
TDVFSSSANL,0.019
VFSSSANLSG,0.1849
SSSANLSGIS,0.7012
SANLSGISSA,0.6149
NLSGISSAES,1.5216
SGISSAESLK,0.5455
ISSAESLKIS,0.0401
SAESLKISQA,0.0451
ESLKISQAVH,0.0465
LKISQAVHAA,0.0192
ISQAVHAAHA,0.1691
QAVHAAHAEI,0.1777
VHAAHAEINE,0.1356
AAHAEINEAG,0.7772
HAEINEAGRE,0.1388
EINEAGREVV,0.1025
NEAGREVVGS,0.1284
AGREVVGSAE,0.0967
REVVGSAEAG,1.7169
VVGSAEAGVD,4.0618
GSAEAGVDAA,3.1271
AEAGVDAASV,0.0711
AGVDAASVSE,0.0548
VDAASVSEEF,0.0426
AASVSEEFRA,0.0246
SVSEEFRADH,0.0788
SEEFRADHPF,0.0759
EFRADHPFLF,0.0569
RADHPFLFCI,0.0056
DHPFLFCIKH,0.0042
PFLFCIKHIA,0.0046
LFCIKHIATN,0.0185
CIKHIATNAV,0.0929
KHIATNAVLF,0.0719
IATNAVLFFG,0.0048
TNAVLFFGRC,0.0015
AVLFFGRCVS,0.0012
VLFFGRCVSP,0.0014
GSIGAASMEFCFDVFK,0.0097
IGAASMEFCFDVFKEL,0.0084
AASMEFCFDVFKELKV,0.0068
SMEFCFDVFKELKVHH,0.0084
EFCFDVFKELKVHHAN,0.0098
CFDVFKELKVHHANEN,0.0103
DVFKELKVHHANENIF,0.0201
FKELKVHHANENIFYC,0.0074
ELKVHHANENIFYCPI,0.0851
KVHHANENIFYCPIAI,0.0892
HHANENIFYCPIAIMS,0.0575
ANENIFYCPIAIMSAL,0.0425
ENIFYCPIAIMSALAM,0.0327
IFYCPIAIMSALAMVY,0.0167
YCPIAIMSALAMVYLG,0.0125
PIAIMSALAMVYLGAK,0.0077
AIMSALAMVYLGAKDS,0.0088
MSALAMVYLGAKDSTR,0.0063
ALAMVYLGAKDSTRTQ,0.0045
AMVYLGAKDSTRTQIN,0.0037
VYLGAKDSTRTQINKV,0.004
LGAKDSTRTQINKVVR,0.0033
AKDSTRTQINKVVRFD,0.0038
DSTRTQINKVVRFDKL,0.0044
TRTQINKVVRFDKLPG,0.0045
TQINKVVRFDKLPGFG,0.0085
INKVVRFDKLPGFGDS,0.0111
KVVRFDKLPGFGDSIE,0.0131
VRFDKLPGFGDSIEAQ,0.1209
FDKLPGFGDSIEAQCG,5.693
KLPGFGDSIEAQCGTS,6.4211
PGFGDSIEAQCGTSVN,5.0348
FGDSIEAQCGTSVNVH,1.3951
DSIEAQCGTSVNVHSS,0.4688
IEAQCGTSVNVHSSLR,0.193
AQCGTSVNVHSSLRDI,0.0267
CGTSVNVHSSLRDILN,0.0499
TSVNVHSSLRDILNQI,0.1029
VNVHSSLRDILNQITK,0.0614
VHSSLRDILNQITKPN,0.1104
SSLRDILNQITKPNDV,0.1963
LRDILNQITKPNDVYS,0.0514
DILNQITKPNDVYSFS,0.0223
LNQITKPNDVYSFSLA,0.0054
QITKPNDVYSFSLASR,0.0025
TKPNDVYSFSLASRLY,0.0011
PNDVYSFSLASRLYAE,0.0014
DVYSFSLASRLYAEER,0.0011
YSFSLASRLYAEERYP,0.0032
FSLASRLYAEERYPIL,0.0031
LASRLYAEERYPILPE,0.0023
SRLYAEERYPILPEYL,0.0028
LYAEERYPILPEYLQC,0.0281
AEERYPILPEYLQCVK,0.2682
ERYPILPEYLQCVKEL,0.1018
YPILPEYLQCVKELYR,0.0298
ILPEYLQCVKELYRGG,0.0143
PEYLQCVKELYRGGLE,0.0152
YLQCVKELYRGGLEPI,0.0093
QCVKELYRGGLEPINF,0.0085
VKELYRGGLEPINFQT,0.0052
ELYRGGLEPINFQTAA,0.0085
YRGGLEPINFQTAADQ,0.011
GGLEPINFQTAADQAR,0.0207
LEPINFQTAADQAREL,0.0155
PINFQTAADQARELIN,0.0183
NFQTAADQARELINSW,0.0247
QTAADQARELINSWVE,0.0297
AADQARELINSWVESQ,0.0322
DQARELINSWVESQTN,0.0223
ARELINSWVESQTNGI,0.0078
ELINSWVESQTNGIIR,0.1455
INSWVESQTNGIIRNV,0.0095
SWVESQTNGIIRNVLQ,0.0099
VESQTNGIIRNVLQPS,0.0085
SQTNGIIRNVLQPSSV,0.0032
TNGIIRNVLQPSSVDS,0.0033
GIIRNVLQPSSVDSQT,0.005
IRNVLQPSSVDSQTAM,0.0069
NVLQPSSVDSQTAMVL,0.1618
LQPSSVDSQTAMVLVN,0.0332
PSSVDSQTAMVLVNAI,0.0371
SVDSQTAMVLVNAIVF,0.0236
DSQTAMVLVNAIVFKG,0.008
QTAMVLVNAIVFKGLW,0.0051
AMVLVNAIVFKGLWEK,0.0061
VLVNAIVFKGLWEKAF,0.003
VNAIVFKGLWEKAFKD,0.0028
AIVFKGLWEKAFKDED,0.0037
VFKGLWEKAFKDEDTQ,0.0057
KGLWEKAFKDEDTQAM,0.0084
LWEKAFKDEDTQAMPF,0.0101
EKAFKDEDTQAMPFRV,0.0037
AFKDEDTQAMPFRVTE,0.0047
KDEDTQAMPFRVTEQE,0.0049
EDTQAMPFRVTEQESK,0.0041
TQAMPFRVTEQESKPV,0.0076
AMPFRVTEQESKPVQM,0.005
PFRVTEQESKPVQMMY,0.1097
RVTEQESKPVQMMYQI,0.1086
TEQESKPVQMMYQIGL,0.0696
QESKPVQMMYQIGLFR,0.0055
SKPVQMMYQIGLFRVA,0.002
PVQMMYQIGLFRVASM,0.0022
QMMYQIGLFRVASMAS,0.0021
MYQIGLFRVASMASEK,0.0025
QIGLFRVASMASEKMK,0.0021
GLFRVASMASEKMKIL,0.0047
FRVASMASEKMKILEL,0.0026
VASMASEKMKILELPF,0.0075
SMASEKMKILELPFAS,0.0073
ASEKMKILELPFASGT,0.0034
EKMKILELPFASGTMS,0.0134
MKILELPFASGTMSML,0.022
ILELPFASGTMSMLVL,0.0507
ELPFASGTMSMLVLLP,0.041
PFASGTMSMLVLLPDE,0.0444
ASGTMSMLVLLPDEVS,0.0325
GTMSMLVLLPDEVSGL,0.0306
MSMLVLLPDEVSGLEQ,0.0139
MLVLLPDEVSGLEQLE,0.1049
VLLPDEVSGLEQLESI,0.2344
LPDEVSGLEQLESIIN,0.1597
DEVSGLEQLESIINFE,0.0265
VSGLEQLESIINFEKL,0.0393
GLEQLESIINFEKLTE,0.0228
EQLESIINFEKLTEWT,0.0345
LESIINFEKLTEWTSS,0.0424
SIINFEKLTEWTSSNV,0.0653
INFEKLTEWTSSNVME,0.0497
FEKLTEWTSSNVMEER,0.0286
KLTEWTSSNVMEERKI,0.0414
TEWTSSNVMEERKIKV,0.0139
WTSSNVMEERKIKVYL,0.006
SSNVMEERKIKVYLPR,0.0021
NVMEERKIKVYLPRMK,0.0021
MEERKIKVYLPRMKME,0.0014
ERKIKVYLPRMKMEEK,0.0012
KIKVYLPRMKMEEKYN,0.0016
KVYLPRMKMEEKYNLT,0.003
YLPRMKMEEKYNLTSV,0.0054
PRMKMEEKYNLTSVLM,0.0051
MKMEEKYNLTSVLMAM,0.0321
MEEKYNLTSVLMAMGI,0.0225
EKYNLTSVLMAMGITD,0.0211
YNLTSVLMAMGITDVF,0.0298
LTSVLMAMGITDVFSS,0.017
SVLMAMGITDVFSSSA,0.0276
LMAMGITDVFSSSANL,0.0241
AMGITDVFSSSANLSG,0.0262
GITDVFSSSANLSGIS,0.024
TDVFSSSANLSGISSA,0.0361
VFSSSANLSGISSAES,0.2471
SSSANLSGISSAESLK,0.3682
SANLSGISSAESLKIS,0.0601
NLSGISSAESLKISQA,0.0601
SGISSAESLKISQAVH,0.0526
ISSAESLKISQAVHAA,0.0502
SAESLKISQAVHAAHA,0.0475
ESLKISQAVHAAHAEI,0.0463
LKISQAVHAAHAEINE,0.0154
ISQAVHAAHAEINEAG,0.1789
QAVHAAHAEINEAGRE,0.0901
VHAAHAEINEAGREVV,0.0783
AAHAEINEAGREVVGS,0.1269
HAEINEAGREVVGSAE,0.1531
EINEAGREVVGSAEAG,0.195
NEAGREVVGSAEAGVD,0.1676
AGREVVGSAEAGVDAA,0.1212
REVVGSAEAGVDAASV,0.0694
VVGSAEAGVDAASVSE,0.0475
GSAEAGVDAASVSEEF,0.0261
AEAGVDAASVSEEFRA,0.0214
AGVDAASVSEEFRADH,0.0322
VDAASVSEEFRADHPF,0.0389
AASVSEEFRADHPFLF,0.0233
SVSEEFRADHPFLFCI,0.0029
SEEFRADHPFLFCIKH,0.0038
EFRADHPFLFCIKHIA,0.0031
RADHPFLFCIKHIATN,0.0038
DHPFLFCIKHIATNAV,0.0046
PFLFCIKHIATNAVLF,0.0055
LFCIKHIATNAVLFFG,0.0038
CIKHIATNAVLFFGRC,0.0025
KHIATNAVLFFGRCVS,0.0008
HIATNAVLFFGRCVSP,0.0009
GSSFLSPEHQKAQQRKESKKPPAKLQPR,990.0
HAEGTFTSDVSSYLEGQAAKEFIAWLVKGR,70.2
HAEGTFTSDVSSYLEGQAAKEFIAWLVKGR,260.4
RRWRIVVIRVRR,3600.0
Agp-Agp-W-Agp-IVVI-Agp-V-Agp-Agp,28800.0
aRRWRIVVIRVRRh,3600.0
a-Agp-Agp-W-Agp-IVVI-Agp-V-Agp-Agp-h,28800.0
TSEKSQTPLVTL,16200.0
DRVYIHP,10.0
NDWF-Dpr-L,2640.0
MLPGLALLLLAAWTARALEVPYPYDVPDYASNKGAIIGLMVGGVVIATVIVITLVVMLKKKQYEQKLISEEDL,480.0
EAEDLQVGQVELGGGPGAGSLQPLALEGSLQ,2010.0
SSLKQYWSSLKQSFS,18000.0
SSLKQYWSSLKQSFS,20400.0
GRGDS,480.0
Glp-PPGGSKVILF,420.0
AGCKNFFWKTFTSC,60.0
ECG,96.0
VVYTDCTESGQNLCLCEGSNVCGQGNKCILGSDGEKNQCVTGEGTPKPQSHNDGDFEEIPEEYLQ,9000.0
SDKP,4800.0
H(2me)wAWfK,4554.0
GPRPP-Aba-GGaG,240.0
RPPGF,5400.0
RLIEDICLPRWGCLWEDD,8280.0
YFQNCPrG,12000.0
CYIQNCPLG,406.8
YIGSR,60.0
YIGSR,132.0
SLRRSSCFGGRIDRIGAQSGLGCNSFRY,25.2
SLRRSSGGRIDRIGAQSGLGCNSFRY,62.4
APRLRFYSL,1560.0
PRLRFYSL,3840.0
APRLRFYS,1620.0
APRLRF,660.0
APRLR,960.0
RLRFYSL,126.0
LRFYSL,162.0
RFYSL,90.0
FYSL,39.0
YSL,582.0
RLRFYS,90.0
LRFYS,90.0
FYS,28.8
HAEGTFTSDVSSYLEGQAAKEFIAWLVKGR,1300.2
DNPSLSIDLTFHLLRTLLELARTQSQRERAEQNRIIFDSV,3240.0
ELRMSSSYPTGLADVKAGPAQTLIRPQDMKGASRSPEDSSPDAARIRV,1320.0
(Pen)-Y(Me)-ARGDN-Tic-C,72000.0
TVPVDLASRQEEEEQSPDSTEEEPVTLPR,3780.0
TVPVDLASRQEEEEQSADSTEEEPVTLPR,5640.0
TVPVDLASRQEEEEQSPDSTEQEPVTLPR,1440.0
HAEGTFTSDVSSYLEGQAAKEFIAWLVKGR,453600.0
HAEGTFTSDVSSYLEGQAAKEFIAWLVKGR,268260.0
WDREINNYTSLIH,410400.0
WDREINNYTSLIHWDREINNYTSLIH,151200.0
CNGRCGGK,32760.0
HGEGTFTSDLSKQMEEEAVRLFIEWLKNGGPSSGAPPPS,34452.0
IPP,1800.0
SLRRSSCFGGRIDRIGAQSGCNSFRY,144.0
HSDAVFTDNYTRLRKQMAVKKYLNSILN,4968.0
HSDAVFTDNYTRLRRQMLVRRYLNSILNGRR,17028.0
YTSLIHSLIEESQNQQEKNEQELLELDKWASLWNWF,31680.0
WQEWEQKITALLEQAQIQQEKNEYELQKLDKWASLWEWF,21240.0
MTWMEWDREINNYTSLIHSLIEESQNQQEKNEQELL,1080.0
MTWMEWDREINNYTSLIHSLIEESQNQQEKNEQELLEL,4320.0
TTWEAWDRAIAEYAARIEALIRASQEQQEKNEAELREL,4320.0
TTWEAWDRAIAEYAARIEALIRAAQEQQEKNEAALREL,58680.0
MTWEAWDRAIAEYAARIEALIRAAQEQQEKNEAALREL,18360.0
TTWEAWDRAIAEYAARIEALIRAAQEQQEKNEAILREL,12240.0
TTWEAWDRAIAEYAARIEALIRALQEQQEKNEAALREL,54720.0
TTWEAWDRAIAEYAARIEALIRAAQELQEKNEAALREL,27360.0
TTWEAWDRAIAEYAARIEALIRALQEQQEKNEAILREL,44640.0
TTWEAWDRAIAEYAARIEALIRAAQEQQEKLEAALREL,64440.0
TTWEAWDRAIAEYAARIEALIRAAQEQQEKLEAVLREL,102960.0
TTWEAWDRAIAEYAARIEALIRALQELQEKNEAALREL,30960.0
TTWEAWDRAIAEYAARIEALIRALQELQEKNEAILREL,34560.0
TTWEAWDRAIAEYAARIEALIRAAQELQEKLEAALREL,110880.0
TTWEAWDRAIAEYAARIEALIRALQELQEKLEAILREL,127440.0
R-X-R,3600.0
R-BIP-R,126000.0
R-Bip-R,126000.0
R-Bip-R,126000.0
R-Bip-R,25200.0
R-X-R,417600.0
Chex-RPNKPRPYLPRPRPPRPVR-Dab-RVPRPPRPRPLYPRPKNPR-Chex,6000.0
((POG)5 (PQGPGGPPG) (POG)5)3,580.0
((POG)5 (PQGPGSPPG) (POG)5)3,910.0
((POG)5 (PVGAAGATG) (POG)5)3,345.0
((POG)5 (PVGAASATG) (POG)5)3,655.0
(POG)5 (PQGPGGPPG) (POG)5 (PKG)5 (PQGPGGPPG) (PKG)5 (DOG)5 (PVGAAGATG) (DOG)5,190.0
(POG)5 (PQGPGGPPG) (POG)5 (PKG)5 (PQGPGGPPG) (PKG)5 (DOG)5 (PVGAAGATG) (DOG)6,300.0
(POG)5 (PQGPGSPPG) (POG)5 (PKG)5 (PQGPGSPPG) (PKG)5 (PKG)5 (PQGPGSPPG) (PKG)5,325.0
(POG)5 (PQGPGSPPG) (POG)5 (PKG)5 (PQGPGSPPG) (PKG)5 (POG)5 (PVGAASATG) (POG)5,470.0
HPLGSPGSASDLETSGLQEQRNHLQGKLSELQVEQTSLEPLQESPRTPGVWKSREVATEGIRGHRKMVLYTLRAPR,7200.0
WVTH[Cit]LAGLLS[Cit]SGGVV[hArg]KN[2-Nal]V[Oic]TDVG[Oic]FA[2-Nal],136800.0
SPRGDLAVLGHKY,3300.0
IRRADRAAVPGGGGRGD,1659.6
IRRADRAAVPGGGGRGD,9724.8
SLRRSSCFGGRMDRIGAQSGLGCNSFRY,156.0
SLRRSSCFGGRMDRIGAQSGLGCNSFRYRITAREDKQGWA,270.0
HGEGTFTSDVSSYLEGQAAKEFIAWLVAGR,97200.0
NISHTKEKKKGKAKKKRLTK,402.0
NISHTKEKKKGKAKKKRLTK,774.0
YGRKKRRQRRR,24000.0
HSQGTFTSDYSKYLDSRRAQDFVQWLMNTKRNRNNIA,6120.0
LEQYANQLADQIIKEATE,5400.0
YcGFCPLW,21600.0
YcGFcPLW,17640.0
YcGF-Nle-PCW,21600.0
YcGF-Nle-PcW,21600.0
DIRCKDDEFTHLYTLIVRPDNTYEVKIDNSQVESGSLEDDWDFLPPKKIKDPDAAKPEDWDERAKIDDPTDSKPEDWDKPEHIPDPDAKKPEDWDEEMDGEWEPPVIQNPEYKGEWKPRQIDNP,72.6
HAEGTFTSDVSSYLEGQAAKEFIAWLVKGR,420.0
HSDGTFTSDLSKQMEEEAVRLFIEWLKNGGPSSGAPPPS,780.0
SPKMVQGSGCFGRKMDRISSSSGLGCKVLRRH,40320.0
KPSSPPEE,7200.0
NPMYNAVSNADLMDFKNLLDHLEEKMPLEDEVVPPQVLSEPNEEAGAALSPLPEVPPWTGEVSPAQRDGGALGRGPWDSSDRSALLKSKLRALLTAPR,3600.0
HSDGIFTDSYSRYRKQMAVKKYLAAVLGKRYKQRVKNK,1380.0
HSDGIFTDSYSRYRKQMAVKKYLAAVLGKRYKQRVKNK,14400.0
H-Aib-DGIFTDSYSRYRKQMAVKKYLAAVLGKRYKQRVKNK,3900.0
HsDGIFTDSYSRYRKQMAVKKYLAAVLGKRYKQRVKNK,14400.0
HSDGIFTDSYSRYRKQMAVKKYLAAVLGKRYKQRVKNK,1080.0
HSDGIFTDSYSRYRKQMAVAKYLAAVLGKRYKQRVKNK,498.0
HSDGIFTDSYSRYRKQMAVKAYLAAVLGKRYKQRVKNK,396.0
HSDGIFTDSYSRYRKQMAVKKYLAAVLGKRYKQRVKNK,14400.0
HSDGIFTDSYSRYAKQMAVAKYLAAVLGKRYKQRVKNK,14400.0
HSDGIFTDSYSRYRAQMAVAKYLAAVLGKRYKQRVKNK,14400.0
HSDGIFTDSYSRYRKQMAVKKYLAAVL,2340.0
HSDGIFTDSYSRYRKQMAVKKYLAAVL,14400.0
H-Aib-DGIFTDSYSRYRKQMAVKKYLAAVL,8700.0
HsDGIFTDSYSRYRKQMAVKKYLAAVL,14400.0
HSDGIFTDSYSRYRKQMAVKKYLAAVL,14400.0
"N5-(aminoiminomethyl)-N2-(3- mercapto-1-oxopropyl)-L-arginylglycyl-L-α -aspartyl-L-α -trypotophyl-L-α -prolyl-L-α -cysteinamide,cyclic(1→ 6)-disulfide",8406.0
NPVENMMDRDSQ,43200.0
"L-Cysteinamide, D-phenylalanyl-L-cysteinyl-L-phenylalanyl-D-tryptophyl-L-lysyl-Lthreonyl-N-[2-hydroxy-1-(hydroxymethyl)propyl]",3126.0
HAECTFTSDVSSYLEGQAAKEFIAWLCKGRGCPSSGAPPPSGGGGG,172800.0
DRQIKIWFQNRRMKWKKRKIPTEDEY,18288.0
DRQIKIWFQNRRMKWKKRKIPTEDEY,32364.0
YaG-MePhe-G,552.0
GGLYACHMGPIT-Nal-VCQPLRSar-Peg-SarRLPQCV-Nal-TIPGMHCAYLGG,68400.0
GGLYACHMGPIT-Nal-VYQPLRS-Peg-SRLPQYV-Nal-TIPGMHCAYLGG,122400.0
MAPRGFSCLLLLTGEIDLPVKRRA,1800.0
YRWYGYTPQNVIGGGKLlLKlLkkLLKlLKKK,564.0
N-MeVal-EtPro-N-MeThr-Leu-MePro-AMHA-Pro-N-MeLeu- Gly,1800.0
N-MeVal-EtPro-N-MeThr-Leu-MePro-AMHA-Pro-N-MeLeu- Gly,19800.0
HSDAVFTDNYTRLRKQMAVKKYLNSILN,108.0
KPTFRRLKWK,1020.0
GCTFRRLKWKCG,4620.0
GCKPTFRRLKWKYKCG,5040.0
YGGFLRRl,2640.0
EAAGIGILTV,2700.0
ELAGIGILTV,2400.0
ELAGIGILTV,86400.0
ELAGIGILTV,43200.0
PyroGlu-LAGIGILTV,39600.0
PyroGlu-LAGIGILTV,86400.0
ALAGIGILTV,39600.0
ALAGIGILTV,86400.0
ELAGIGILTV,72000.0
ELAGIGILTV,86400.0
DLAGIGILTV,43200.0
DLAGIGILTV,86400.0
GLAGIGILTV,46800.0
GLAGIGILTV,86400.0
ELAGIGILTV,86400.0
ELAGIGILTV,43200.0
ELAGIGILTV,86400.0
ELAGIGILtV,86400.0
βALAGIGILTV,86400.0
EACNLPIVRGPCIAFFPRWAFDAVKGKCVLFPYGGCQGNGNKFYSEKECREYCGVP,9900.0
EACNLPIVRGPCIAFFPRWAFDAVKGKCVLFPYGGCQGNGNKFYSEKECREYCGVP,210000.0
FVPIFTYGELQREHQRVQQQRKESKKPPAKLQPR,668.4
FVPIFTYGELQRQRVQQRKESKKPPAK,345.6
FVPIFTYGELQRQRVQQRKESKKPP,380.4
FVPIFTYGELQRQRVQQRKESKK,368.4
FVPIFTYGELQRQRVQQRKES,293.4
FVPIFTYGELQRQRVQQRK,143.4
FVPIFTYGELQRVQQRKEKKPPAKLQPR,547.2
FVPIFTYGELQRVQQRKEFKKPPAKLQPR,463.8
FVPIFTYGELQRVQQRKETKKPPAKLQPR,580.2
FVPIFTYGELQRVQQRKEPKKPPAKLQPR,579.0
FVPIFTYGELQRVQQRKELKKPPAKLQPR,547.8
FVPIFTYGELQRVQQRKEAKKPPAKLQPR,557.4
FVPIFTYGELORVQQRKNSKKPPAKLQPR,328.2
FVPIFTYGELQRVQQRKQSKKPPAKLQPR,339.6
FVPIFTYGELQRVQQRKDSKKPPAKLQPR,608.4
FVPIFTYGELQRVQQRKKKPPAKLQPR,323.4
FVPIFTYGELQRVQQKRDSRRPPAKLQPR,473.4
FVPIFTYGELQRVQQKKSEKRPPAKLQPR,696.0
FVPIFTYGELQRVQQRKGESKKPPAKLQPR,631.8
FVPIFTYGELQRQQRKESGKKPPAKLQPR,693.0
FVPIFTYGELQRVQQRKGGESKKPPAKLQPR,690.0
FVPIFTYGELQRVQQRKESKKAKLQPR,463.8
FVPIFTYGELQRVQQRKESKKAKLAALKA,536.4
FVPIFTYGELQRVQQRKESKKPPAKLAALKA,596.4
FVPIFTYGELQRVQQRKESKKPPAELAALEA,766.8
FVPIFTYGELQRVQQRKESKKPPAELAALKA,693.6
FVPIFTYGELQRVQQRKESKKMITIR,263.4
FVPIFTYGELQRVQQRKESKKPPMITIR,315.0
FVPIFTYGELQRKESKKPAKLAALKA,617.4
FVPIFTYGELQRVQQKKAYSPDKERKPPALQPR,781.8
FVPIFTYGELQRVQQKKAYSPDKERKPPAKLQPR,785.4
CFGGRMDRIGAQSGLGCNSFRYVQQRKESKKPPAKLQPR,1440.0
VQQRKESKKPPAKLQPRCFGGRMDRIGAQSGLGCNSFRY,2400.0
RPQLKAPPKKSEKRQQVCFGGRMDRIGAQSGLGCNSFRY,1632.0
GLSKGCFGLKLDRIGSMSGLGC,468.0
RPQLKAPPKKSEKRQQVCFGLKLDRIGSMSGLGC,1242.0
CFGLKLDRIGSMSGLGCVQQRKESKKPPAKLQPR,1440.0
GLSKGFGLKLDRISMSGLGCVQQRKESKKPPAKLQPR,1218.0
CFGLKLDRIGSMSGLGCVQQRKESKKPPAKLQPRESKKPPAKLQPR,1104.0
RPQLKAPPKKSEKRQQVCFGLKLDRIGSMSGLGCVQQRKESKKPPAKLQPR,1042.8
VQQRKESKKPPAKLQPRCFGLKLDRIGSMSGLGC,1065.0
CFGLKLDRIGSMSGLGCVQQRKESKKPPAKLQPR,870.0
GLSKGCFGLKLDRIGSMSGLGCVQQRKDSKKPPAKLQPR,1874.4
CFGLKLDRIGSMSGLGCAGSVDHKGKQRKWDHPKR,1081.8
DLRVDTKSRAAWARLLQEHPNARKYKGANKKGLSKGGLSKGCFGLKLDRIGSMSGLGC,943.2
HGDGSFSDEMNTILDNLAARDFINWLIQTLITD,5400.0
HGDGSFSDEMNTILDNLAARDFINWLIQTLITDK,58320.0
YaDAIFTQSYRKVLAQLSARKLLQDILSRL,92880.0
YGGFLRRIRPK,600.0
YGGFLRRIRPK,1800.0
VKFNKPFVFLMIEQNTK,6840.0
KGCRFGTCTVQKLAHQIYQFTDKDKDNVAPRSKISPQGY,5400.0
K-Sar-htrGtf,66960.0
HVEGTFTSDVSSYLEGQAAKEFIAWLVKGRG,162000.0
HGEGTFTSDVSSYLEEQAAKEFIAWLVKGRG,198000.0
HVEGTFTSDVSSYLEEQAAKEFIAWLIKGGPSSGAPPPCC,92880.0
HVEGTFTSDVSSYLEEQAAKEFIAWLIKGGPSSGAPPPC,129600.0
HGEGTFTSDLSKQMEEEAVRLFIEWLKNGGPSSGAPPPS,223200.0
HGEGTFTSDLSKQMEEEAVRLFIEWLKNGGPSSGAPPPS,219600.0
GEGTFTSDLSKQMEEEAVRLFIEWLKNGGPSSGAPPPS,248400.0
VEGTFTSDVSSYLEEQAAKEFIAWLIKGGPSSGAPPPCC,97200.0
SEEPPISLDLTFHLLREVLEMARAEQLAQQAHSNRKLMEII,3756.0
WQEWEQKITALLEQAQIQQEKNEYELQKLDKWASLWEWF,7272.0
CDLPQTHSLGSRRTLMLLAQMRKISLFSCLKDRHDFGFPQEEFGNQFQKAETIPVLHEMIQQIFNLFSTKDSSAAWDETLLDKFYTELYQQLNDLEACVIQGVGVTETPLMKEDSILAVRKYFQRITLYLKEKKYSPCAWEVVRAEIMRSFSLSTNLQESLRSKE,234000.0
CDLPQTHSLGSRRTLMLLAQMRKISLFSCLKDRHDFGFPQEEFGNQFQKAETIPVLHEMIQQIFNLFSTKDSSAAWDETLLDKFYTELYQQLNDLEACVIQGVGVTETPLMKEDSILAVRKYFQRITLYLKEKKYSPCAWEVVRAEIMRSFSLSTNLQESLRSKE,3600.0
ELYENKPRRPYIL,354.0
ELYENKP-N3-Hlys-RPYIL,9180.0
ELYENKP-N3-1d-RPYIL,12660.0
ELYENKP-N3-2-RPYIL,7560.0
ELYENKP-N3-3-RPYIL,6180.0
ELYENKP-N3-Lys-RPYIL,8160.0
ELYENKP-N3-4-RPYIL,7680.0
ELYENKP-N3-5-RPYIL,7620.0
ELYENKP-N3-6-RPYIL,7680.0
ELYENKP-N3-Orn-RPYIL,8040.0
ELYENKP-N3-7-RPYIL,7860.0
ELYENKP-N3-8-RPYIL,7560.0
ELYENKP-N3-9-RPYIL,12960.0
ELYENKP-N3-Hlys-RPY-tert-Leu-L,86400.0
ELYENKP-N3-Arg-RPYIL,10440.0
ELYENKP-10-RPYIL,852.0
ELYENKP-11-RPYIL,1890.0
ELYENKP-12-RPYIL,954.0
ELYENKP-13-RPYIL,990.0
ICLKKWPWWPWRRCK,1080.0
ILKKWPWWPWRRK,240.0
CKAFSNSYPYDVPDYASL,120.0
lsaydpvdypysnsfakc,86400.0
YGGFL,1272.0
GG,1080.0
AL,6120.0
LL,10440.0
AG,8280.0
HADGVFTSDFSRLLGQLSAKKYLESLI,186.0
GPETLCGAELVDALQFVCGDRGFYFNKPTGYGYGSSRRAPQTGIVDECCFRSCDLRRLMYCAPLKPAKSA,72000.0
ACDTATCVTHRLAGLLSRSGGVVKNNFVPTNVGSKAF,414.0
YGGFL,5640.0
YGGFL,4764.0
YGGFL,18900.0
YaGFL,60000.0
GGFMTSEKSQTPLVTL,42.0
PLG,1200.0
SANSNPAMAPRERKAGCKNFFWKTFTSC,168.0
SSCFGGRIDRIGAQSGLGCNSFRY,150.0
WMDF,780.0
YMGWMDF,150.0
DYMGWMDF,1080.0
DYMGWMDF,3000.0
RDYWGWLDF,162.0
DRDYMGWMDF,1800.0
MKAIFVLKGWWRTS,210.0
YAFGYPS,78.0
SQEPPISLDLTFHLLREVLEMTKADQLAQQAHSNRKLLDIA,972.0
ADSGEGDFLAEGGGVR,30.0
ADSGEGDFLAEGGGVR,30.0
VPLPAGGGTVLTKMYPRGNHWAVGHLM,168.0
CYFQNCPRG,124567320.0
HDEFERHAEGTFTSDVSSYLEGQAAKEFIAWLVKGR,126.0
HAEGTFTSDVSSYLEGQAAKEFIAWLVKGRG,144.0
RPD,60.0
pGlu-NC(C)PRG,2400.0
NCPR,600.0
pGlu-NSPRG,540.0
NSPR,13380.0
rPKPfQwFwLL,2754.0
Mpr-Har-GDWPC,4068.0
VVVPP,36000.0
YGG,2760.0
YGG,60.0
YGG,10800.0
DPLPEF,1800.0
DPLPEF,18000.0
p-[Cl-Phe4]DPLPEF,18000.0
p-[Br-Phe4]DPLPEF,18000.0
p-[F-Phe4]DPLPEF,18000.0
p-[I-Phe4]DPLPEF,18000.0
DPLPEF,18000.0
HSDAVFTDNYTRLRKQMAVKKYLNSILN,317.4
HSDAVFTDNYTRLRKQMAVKKYLNSILN,37.2
MEPLGWQLTSGPNQEQVSPLTLLK,1140.0
NQEQVSPLTLLK,1260.0
GPETLCGAELVDALQFVCGDRGFYFNKPTGYGSSSRRAPQTGIVDECCFRSCDLRRLEMYCAPLKPAKSA,118.8
GPATLCGAELVDALQFVCGDRGFYFNKPTGYGSSSRRAPQTGIVDECCFRSCDLRRLEMYCAPLKPAKSA,115.2
AELRCMCIKTTSGIHPKNIQSLEVIGKGTHCNQVEVIATLKDGRKICLDPDAPRIKKIVQKKLAGDESAD,4200.0
AQDFVQWLMNT,10.0
CSCSSLMDKECVYFCHLDIIW,40.0
pGlu-HWSTGLRPG,418.2
FCFWKTCT,6780.0
pGlu-HWSYwLRP,354.0
SVTLFGESAGAASVSLHLLSPGSHSLFTR,7200.0
AGCKNFFWKTFTSC,97200.0
GPETLCGAELVDALQFVCGDRGFYFNKPTGYGSSSRRAPQTGIVDECCFRSCDLRRLEMYCAPLKPAKSA,480.0
MFPAMPLSSLFVNGPRTLCGAELVDALQFVCGDRGFYFNKPTGYGSSSRRAPQTGIVDECCFRSCDLRRLEMYCAPLKPAKSA,3000.0
rPKPfQwFwLLRPKPQQFFGLM,32400.0
RwFWLMRPKPQQFFGLM,75240.0
CSCSSLMDKECVYFCHLDIIWVNTPEHVVPYGLGSPRS,86400.0
CSCSSLMDKECVYFCHLDIIW,2220.0
VNTPEHVVPYGLGSPRS,3420.0
CSCSSLMDKECVYFCHLDIIWVNTPERVVPYGLGSPSRS,1500.0
VNTPERVVPYGLGSPSRS,2820.0
RPKPQQFFGLM,126.0
GWTLNSAGYLLGPHAVGNHRSFSDKNGLTS,222.0
DGGFL,1272.0
HwAWfK,3000.0
YEPGKSSILQHERPVTKPQA,570.0
YEPGKSS,450.0
YEPGKSS,1074.0
fCFwKTCT,4320.0
fCFwKTCT,6840.0
EAKSQGGSN,150.0
NSDSECPLSHDGYCLHDGVCMYIEALDKYACNCVVGYIGERCQYRDLKWWELR,744.0
YDPAPPPPPP,5760.0
YRQSMNQGSRSTGCRFGTCTMQKLAHQIYQFTDKDKDGMAPRNKISPQGY,63.0
YGGFLRRIRPKLKWDN,2520.0
YGGFLRRIRPKLKWDN,4020.0
YGGFLRRIRPKLKWDN,2580.0
YGGFLRRIRPKLKWDN,6000.0
YGGFLRRIRPKLKWDN,30000.0
YGGFLRRIRPKLKWDN,4800.0
YGGFLRRIRPKLKWDN,11520.0
YGGFLRRIRPKLKWDN,11460.0
YGGFLRRIRPKLKWDN,5580.0
HwAWfK,7190.4
HAEGTFTSDVSSYLEGQAAKEFIAWLVRGRG,50400.0
HAEGTFTSDVSSYLEGQAAKEFIAWLVKGRG,46800.0
pGlu-LYENKPRRPYIL,90.0
VGDGGLFEKKL,21600.0
YTSLIHSLIEESQNQQEKNEQELLELDKWASLWNWF,10080.0
CYTSLIHSLIEESQNQQEKNEQELLELDKWASLWNWF,37440.0
YRQSMNQGSRSTGCRFGTCTMQKLAHQIYQFTDKDKDGMAPRNKISPQGY,120.0
GKAFRR,2400.0
AKPEAPGEDASPEELSRYYASLRHYLNLVTRQRY,900.0
RXRRXRRXRRXRXB,1440.0
NQEEVSPYTLLKG,4320.0
EDYELMDLLAYLK,4260.0
PSSSLHLHRRITHHRRLGCFRSSGSLLNNAMKGGVDDEITLSAYITMALLESSLPDTDP,10200.0
PSSSLHLHRRITHHRRLGCFRSSGSLLNNAMKGGVDDEITLSAYITMALLESSLPDTDP,1800.0
pGlu-HYSTlLAP-des-Gly,1920.0
MFPAMPLSSLFVNGPRTLCGAELVDALQFVCGDRGFYFNKPTGYGSSSRRAPQTGIVDECCFRSCDLRRLEMYCAPLKPAKSA,168.0
SYSMEHFRWGKPVGKKRRPVKVYPAGEDDEASEAFPLEF,439.2
GYSMEHFRYGKPVGKKRR,156.0
βAla-YSMEHFRYGKPVGKKRR,439.2
Ibu-YSMEHFRYGKPVGKKRR,576.0
βAla-YSMEHFRYGKPVGKKR-Orn,603.6
Ibu-YSMEHFRYGKPVGKKR-Orn,360.0
βAla-YSMEHfRYGKPVGKKR-Orn,5287.2
pGlu-NSPR,68400.0
pGlu-NSPR,280800.0
HDEFERHAEGTFTSDVSSYLEGQAAKEFIAWLVKGRG,300.0
YRGDS,30.0
YRGDS,1800.0
CYFQNCPRG,63.6
GViTRIR,60.0
Sar-GViTXIRP,720.0
Sar-GViT-(Dallo-Ile)-IRP,720.0
GViT-(Nva)-IRP,1080.0
Sar-GViT-(Nva)-IRP,3240.0
Sar-GViT-(Nva)-IRP,720.0
Sar-GViT-(NMeNva)-IRP,3600.0
Sar-GViT-NMeNva-IRP,7560.0
HHLGGAKQAGDV,12000.0
(GGLYACHMGPITX1AVCQPLRX2)2Beta-ala-PEG,83160.0
ARPYSFGL,990.0
PPPPPARPYSFGL,4260.0
PPPPPARPYSF-(Acpc),6960.0
Pyr-HP,180.0
Pyr-HP,1200.0
QHP,1200.0
FPESKATNATLDPRPGGGGNGDFEEIPEEYLQ,489.0
FGGFTGARKSARKLANQ,3840.0
FGG-(pF)F-TG-Aib-RKSARKRKNQ,678.0
Pyr-Glu-LYENKPRRPYIL,7200.0
(RRPYIL)-PEG-biotin,86400.0
HSSKLQ,79200.0
SSKYQ,11520.0
GSSFLSPEHQRVQQRKESKKPPAKLQPR,1260.0
CSNLSTCVLGKLSQELHKLQTYPRTNTGSGTP,790.8
AEIYNKDGNKLDLYG,1800.0
VDKPPYLPRPRPPRRIYNR,4080.0
VDKPPYLPRPRPPRRIYN,7200.0
VDKPPYLPRPRPPRRIYNN,7200.0
VDKPPYLPRPRPPRRIYNH,5400.0
VDKPPYLPRPRPPRRIYN-Orn,12600.0
VDKPPYLPRPRPPRRIYN-Agp,5880.0
VDKPPYLPRPRPPRRIYN-Nir,4680.0
VDKPPYLPRPRPPRRIYN-Nmr,4740.0
VDKPPYLPRPRPPRRIYN-Har,5640.0
VDKPPYLPRPRPPRRIYNr,9600.0
VDKPPYLPRPRPPRRIYNR-NHpr,7200.0
VDKPPYLPRPRPPR-Orn-IYNR,5400.0
VDKPPYLPRPRPPR-beta-Hr-IYNR,9000.0
VDKPPYLPRPRPPRrIYNR,3480.0
VDKPPYLPRPRPPR-Har-IYN-Har,3300.0
VDKPPYLPRPRPPR-Har-IYN-Agp,3720.0
VDKPPYLPRPRPPR-Agp-IYN-Har,6660.0
VDKPPYLPRPRPPR-Agp-IYN-Agp,10260.0
VDKPPYLPRPRPPR-Orn-IYN-Har,4500.0
VDKPPYLPRPRPPR-Orn-IYN-Agp,6180.0
VDKPPYLPRPRPPR-Orn-IYN-Orn,10560.0
VDKPPYLPRPRPPRrIYNr,28800.0
VDKPPYLPRPRPPR-Orn-IYNR,6120.0
DRVYIHPFHL,3600.0
YGGFMTSEKSQTPLVTLFKNAIIKNAYKKGE,300.0
RPKPQQFFGLM,600.0
CYFQNCPRG,604800.0
SLRRSSCFGGRMDRIGAQSGLGCNSFRY(GGS)3GG-Fc region,14040.0
SLRRSSCFGGRMDRIGAQSGLGCNSFRYGS(GGS)4GG-Fc region,16200.0
{[SLRRSSCFGGRMDRIGAQSGLGCNSFRY(GGS)3GG]2}-Fc region,10080.0
{[SLRRSSCFGGRMDRIGAQSGLGCNSFRYGS(GGS)4GG]2}-Fc region,19800.0
HAEGTFTSDVSSYLEGQAAKEFIAWLVRGRPSSGAPPPS,1170.0
Sar-RVYIHPa,120.0
EGTFTSDVSSYLEGQAAKEFIAWLVKGR,14400.0
MKFTLFSVLVVLLIATFVAADDCPRICTADFRPVCGTPSGGRRSANRTFGNQCSLDSHNCLNKGDTYDKLHDGECK,3600.0
HAEGTFTSDVSSYLEGQAAK(γ-Glu-palmitoyl)EFIAWLVRGRG,61560.0
HAEGTFTSDVSSYLEGQAAKEFIAWLVKGR,54000.0
HAEGTFTSDVSSYLEGQAAKEFIAWLVKGR,187920.0
HAEGTFTSDVSSYLEGQAAKEFIAWLVKGR,77760.0
HAEGTFTSDVSSYLEGQAAKEFIAWLVKGR,42480.0
HAEGTFTSDVSSYLEGQAAKEFIAWLVKGRX1,19440.0
HAEGTFTSDVSSYLEGQAAKEFIAWLVKGRX2,66240.0
HAEGTFTSDVX-2SYLEGQAAKEFIAWLVKGR,82440.0
HAEGTFTSDVSCYLEGQAACEFIAWLVKGRG,18000.0
HAEGTFTSDVSCYLEGQAACEFIAWLVKGRGKKK,288000.0
HAEGTFTSDVSCYLEGQAACEFIAWLVKGRGKKKKKK,252000.0
HAEGTFTSDVSCYLEGQAACEFIAWLVKGRGSSSSSS,27000.0
HAEGTFTSDVSCYLEGQAACEFIAWLVKGRGVVVVVV,18000.0
HAEGTFTSDVSCYLEGQAACEFIAWLVKGRG,120.0
MIFVKTLTGKTIL,5400.0
PlLQAtLGGGS,43200.0
PLLQATL,5400.0
YTSLIHSLIEESQNQQEKNEQELLELDKWASLWNWF,5400.0
CYTSLIHSLIEESQNQQEKNEQELLELDKWASLWNWF,83160.0
HSDAVFTDNYTRLRKQVAAKKYLQSIKNKRY,250.8
MWQRPSSWIEGRFPHSDAVFTDQYTRLRKQLAAKKYLQSLKQKRY,34956.0
TTWEAWDRAIAEYAARIEALLRALQEQQEKNEAALREL,15120.0
TTWEAWDRAIAEYAARIEALLRALQEQQEKNEAALREL,122400.0
TTWEAWDRAIAEYAARIEALLRALQEQQEKNEAALREL,540000.0
TTWEAWDRAIAEYAARIEALLRALQEQQEKNEAALREL,158400.0
YPIKPEAPGEDASPEELNRYYASLRHYLNLVTRQRY,12240.0
HA/EGTFTSDVSSYLEGQAAKEFIAWLVKGR,46800.0
HA/EGTFTSDVSSYLEGQAAKEFIAWLVKGRG,39600.0
YA/EGTFISDYSIAMDKIHQQDFVNWLLAQKGKKNDWKHNITQ,45000.0
HS/QGTFTSDYSKYLDSRRAQDFVQWLMNTKRNRNNIA,86400.0
HS/QGTFTSDYSKYLDSRRAQDFVQWLMNT,45000.0
HAEGTFTSDVSSYLEGQAAKEEFIIAWLVKGRG,32400.0
HDEFERH-alpha-aminoisobutyric acid-EGTFTSDVSSYLEGQAAKEFIAWLVRGR,594000.0
HDEFERH-alpha-aminoisobutyric acid-EGTFTSDVSSYLEGQAAKEFIAWLVRGR,165600.0
pGlu-HWSYGLRPG,360.0
p-Gln-HWSYwLRPG,10440.0
LLTHTISRIAVSYQTKVNLL,345.6
MWQRPSSWIEGRLLTHTISRIAVSYQTKVNLL,47196.0
fPRPGGGGQGDFEEIPEEYL,1350.0
fPRPGGGGQGDFEPIPEDAYDE,780.0
fPRPGGGGQGDFEPIPEDAYDE,12732.0
CKQSCSFGPFTFVCDGNTK,240.0
SPKMVQGSGCFGRKMDRISSSSGLGCKVLRRH,480.0
EVKYDPCFGHKIDRINHVSNLGCPSLRDPRPNAPSTSA,9540.0
GLSKGCFGLKLDRIGSMSGLGCPSLRDPRPNAPSTSA,1197.0
SCSlPQT,1800.0
GPE,300.0
GPE,2940.0
CRKEVY,8064.0
RKEVY,30.0
SKLQ,23400.0
HSSKLQ,43200.0
Hyp-AS-Chg-Q,3300.0
YRQSMNNFQGLRSFGCRFGTCTVQKLAHQIYQFTDKDKDNVAPRSKISPQGY,37.2
YRQSMNNFQGLRSFGCRFGTCTVQKLAHQIYQFTDKDKDNVAPRSKISPQGY,292.2
SCSlPQT,7200.0
CSSPIQGSWTWENGK(propargylglycine)WTWKGIIRLEQ,1767.6
LLGDFFRKSKEKIGKEFKRIVQRIKDFLRNLVPRTES,3600.0
k(Nic)-P-Pal-Pf(Cl2)-NwFwL-Nle,8208000.0
SQEPPISLVLTFHLLREVLEMTKADQLAQQAHSNRKLLDIA,2568.0
Pyr-QRLGNQWAVGHLM,25020.0
Pyr-QRLGNQWAVGHLL,38760.0
D-Nal-QWAVGHLF,11820.0
fQWAVGHL,33540.0
fQWAVGHL-Cpa,9240.0
fQWAVaHL,83280.0
SQDSAERIQERLRNSKMAHSSSCFGQKIDRIGAVSRLGCDGLRQF,130.0
SLRRSSCFGGRMDRIGAQSGLGCNSFRY,20.2
GWTLNSAGYLLGPHAIDNHRvSFHDKYGLA,6000.0
GWTLNSAGYLLGPHAI,1680.0
HwAWfK,1200.0
aSTTTNYT,2700.0
YADAIFTNSYRKVLGQLSARKLLQDIMSR,3600.0
YaDAIFTNSYRKVLAQLSARKLLQDIMSR,3600.0
YADAIFT-(cyclo-D)-SYR-(cyclo-K)-VLAQLSARKLLQDIMSR,14400.0
YADAIFT-(cyclo-D)-SYR-(cyclo-K)-VLAQLSARKLLQDIMSR,14400.0
YADAIFTNSYRVLAQLSAR-(cyclo-K)LLQ-(cyclo-D)-IMSR,14400.0
YaDAIFTNSYRKVLAQLSAR-(cyclo-K)LLQ-(cyclo-D)-IMSR,14400.0
YADAIFT-(cyclo-D)-SYR-(cyclo-K)-VLAQLSAR-(cyclo-K)LLQ-(cyclo-D)IMSR,14400.0
AQKVNSGEPRAHLGALLARYIQQARKAPSGRMSVIKNLQNLDPSHRISDRDYMGWMDF,2700.0
YADAIFTNSYRKVLGQLSARKLLQDILSRQQG,727200.0
HSDAVFTDNYTRLRKQMAVKKYLNSILN,48.0
HADGVFTSDFSKLLGQLSAKKYLESLM,390.0
HADGVFTSDFSKLLGQLSAKKYLESLMGKRVSSNISEDPVPV,2250.0
YaDAIFTNSYRKVLGQLSARKLLQDIMSR,396.0
YAdAIFTNSYRKVLGQLSARKLLQDIMSR,354.0
YADAIFTnSYRKVLGQLSARKLLQDIMSR,414.0
YADAIFTNSyRKVLGQLSARKLLQDIMSR,282.0
yaDAIFTNSYRKVLGQLSARKLLQDIMSR,444.0
pyr-EHWSYwLRPG,600.0
SLRRSSCFGGRMDRIGAQSGLGCNSFRY,16.8
RRSSCFGGRMDRIGAQSGLGCNSFRY,17.1
SSCFGGRMDRIGAQSGLGCNSFRY,22.0
RRSSCFGGRMDRIGAQSGLGCNSFRY,270.0
NPVYSAVSNTDLMDFKNLLDHLEEKMPVEDEVMPPQALSEQTDEAGAALSSLSEVPPWTGEVNPSQRDGGALGRGPWDPSDRSALLKSKLRALLAGPR,3288.0
pEHWSY-(D-Nal(2))LRPG,8280.0
HSQGTFTSDYSKYLDSRRAQDFVQWLMNTKRNKNNIA,720.0
YGGFM,768.0
ACDTATCVTHRLAGLLSRSGGVVKNNFVPTNVGSKAF,216.0
yRGF(4NO2)P,7200.0
GPETLCGAELVDALQFVCGDRGFYFNKPTGYGSSSRRAPQTGIVDECCFRSCDLRRLEMYCAPLKPAKSA,23400.0
GPETLCGAELVDALQFVCGDRGFYFNKPTGYGSSSRRAPQTGIVDECCFRSCDLRRLEMYCAPLKPAKSA,2880.0
GPETLCGAELVDALQFVCGDRGFYFNKPTGYGSSSRRAPQTGIVDECCFRSCDLRRLEMYCAPLKPAKSA,3060.0
YPSKPDNPGEDAPAEDMARYYSALRHYINLITRQRY,1200.0
WAGGDASGE,434.4
AGGDASGE,453.0
WAaGDASGE,491.4
WAGaDASGE,774.0
WAGaDASGE,612.0
YADAIFTNSYRKVLGQLSARKLLQDIMSRQQGESNQERGA,3438.0
APGPR,300.0
PGlu-HWSYGLRPG,630.0
PGlu-HWSYfLRPG,871.8
PGlu-HwSYfLRPG,1548.0
DSGCFGRRLDRIGSLSGLGCNVLRRY,186.0
D-Nal-FASKkLKPA,561600.0
GPETLCGAELVDALQFVCGDRGFYFNKPTGYGSSSRRAPQTGIVDECCFRSCDLRRLEMYCAPLKPAKSA,6000.0
FVNQHLCGSHVDELQYLCGDRGFYFNKPTGYGSSSRRAPQTGIVDECCFRSCDLRRLEMYCAPLKPAKSA ,1650.0
GPQALCGAELVDALYLVCGDRGFYFNKPTGYGSSSRRAPQTGIVDECCFRSCDLRRLEMYCAPLKPAKSA ,1614.0
p-Glu-HWSYsLRP,672.0
p-Glu-HWSYsLRP,3024.0
GPETLCGAELVDALQFVCGDRGFYFNKPTGYGSSSRRAPQTGIVDECCFRSCDLRRLEMYCAPLKPAKSA ,900.0
SQDSAFRIQERLRNSKMAHSSSCFGQKIDRIGAVSRLGCDGLRLF,45.0
YRGDS,1800.0
YDPAPPPPPP,5760.0
HSDAVFTDNYTRLRKQMAVKKYLNSILN,26.4
YRQSMNQGSRSTGCRFGTCTMQKLAHQIYQFTDKDKDGMAPRNKISPQGY,63.0
RRSSCFGGRIDIIGAQSGLGCNSFRY,246.0
H-Aib-EGTFTSDVSSYLEGQAAKEEFIIAWLVKGRG,594000.0
SLRRSSCFGGRMDRIGAQSGLGCNSFRY,339.0
HAEGTFTSDVSSYLEGQAAKEFIAWLVK,7200.0
SCNTATCVTHRLAGLLSRSGGVVKDNFVPTNVGSEAF,540.0
(Cbc)KFAP,1464.0
5(S)-benzamido-4-oxo-6-phenylhexanoyl-P,696.0
PGDSTRKCMDLKGNK,3240.0
DRDYMGWMDF,28800.0
SVSEIQLMHNLGKHLNSMERVEWLRKKLQDVHNF,18000.0
NHHGRRRRRRRRRRR,642.0
pyr-Glu-LTFTPNW,792.0
FPTIPLSRLFDNAMLRAHRLHQLAFDTYQEFEEAYIPKEQKYSFLQNPQTSLCFSESIPTPSNREETQQKSNLELLRISLLLIQSWLEPVQFLRSVFANSLVYGASDSNVYDLLKDLEEGIQTLMGRLEDGSPRTGQIFKQTYSKFDTNSHNDDALLKNYGLLYCFRKDMDKVETFLRIVQCRSVEGSCGF,1080.0
VPLPAGGGTVLTKMYPRGNHWAVGHLM,180.0
ANTFLEEVRKGNLERECVEETCSYEEAFEALESSTATDVFWAKYTACETARTPRDKLAACLEGNCAEGLGTNYRGHVNITRSGIECQLWRSRYPHKPEINSTTHPGADLQENFCRNPDSSTTGPWCYTTDPTVRRQECSIPVCGQDQVTVAMTPRSEGSSVNLSPPLEQCVPDRGQQYQGRLAVTTHGLPCLAWASAQAKALSKHQDFNSAVQLVENFCRNPDGDEEGVWCYVAGKPGDFGYCDLNYCEEAVEEETGDGLDEDSDRAIEGRTA,5400.0
(IEGPTLRQ-Npa-LAAR-Sar)2K,77760.0
PHWSYlLRP,504.0
pGlu-HWSYGLRPG,900.0
SDAAVDTSSEITTKDLKEKKEVVEEAENRKDVY,8400.0
SDAAVDTSSEITTKDLKEKKEVVEEAEN,7620.0
RKDVY,336.0
H-Aib-EGTFTSDVSSYLEGQAAKEFIAWLVK-Aib-R,35280.0
HAEGTFTSDVSSYLEGQAAKEFIAWLVKGR,6480.0
QWAVGHLM,1872.0
MCMPCFTTDHQMARKCDDCCGGKGRGKCYGPQCLCR,50400.0
MCMPCFTTDHQMARKCDDCCGGKGRGKCYGPQCLCRGAGAAGG,39600.0
YaGFlC,546.0
YaGFl,276.0
EWDREINNYTSLIHSLIEESQNQQEKNECELLELDKWASLW,2232.0
CEWDREINNYTSLIHSLIEESQNQQEKNEQELLELDKWASLW,2316.0
CEWDREINNYTSLIHSLIEESQNQQEKNEQELLELDKWASLW,2400.0
EWDREINNYTSLIHSLIEESQNQQEKNECELLELDKWASLW,2646.0
EWDREINNYTSLIHSLIEESQNQQEKNECELLELDKWASLW,4044.0
EWDREINNYTSLIHSLIEESQNQQEKNECELLELDKWASLW,3012.0
EWDREINNYTSLIHSLIEESQNQQEKNECELLELDKWASLW,5460.0
EWDREINNYTSLIHSLIEESQNQQEKNECELLELDKWASLW,3222.0
EWDREINNYTSLIHSLIEESQNQQEKNECELLELDKWASLW,4944.0
EWDREINNYTSLIHSLIEESQNQQEKNECELLELDKWASLW,3018.0
EWDREINNYTSLIHSLIEESQNQQEKNECELLELDKWASLW,4878.0
EWDREINNYTSLIHSLIEESQNQQEKNECELLELDKWASLW,3108.0
EWDREINNYTSLIHSLIEESQNQQEKNECELLELDKWASLW,4842.0
EWDREINNYTSLIHSLIEESQNQQEKNECELLELDKWASLW,3486.0
EWDREINNYTSLIHSLIEESQNQQEKNECELLELDKWASLW,5046.0
EWDREINNYTSLIHSLIEESQNQQEKNEQELLELDKWASLWC,2340.0
EWDREINNYTSLIHSLIEECQNQQEKNEQELLELDKWASLW,2316.0
EWDREINNYTSLIHSLIEECQNQQEKNEQELLELDKWASLW,2520.0
EWDREINNYTSLIHSLIEECQNQQEKNEQELLELDKWASLW,4578.0
YGRKKRRQRRR,402.0
VDCFLSRPTEKT,8734.2
VDCFLSRPTEKT,18080.4
HGDGSFSDEMNTILDNLAARDFINWLIQTKITDK,138600.0
FVNQHLCGSHLVEALYLVCGERGFFYTPKARREAQNPQAGAVELGGGLGGLNALALEGPPQKRGIVEQCCTSICSLYQLENYCN,492.0
RREAQNPQAGAVELGGGLGGLNALALEGPPQKRG,594.0
SSSHPIFHRGEFSVCDSVSVWVGDKTTATDIKGKEVMVLGEVNINNSVFKQYFFETKCRDPNPVDSGCRGIDSKHWNSYCTTTHTFVKALTMDGKQAAWRFIRIDTACVCVLSRKAVRRA,2178.0
GGFL,780.0
YPSKPDNPGEDAPAEDLARYYSALRHYINLITRQRY,1260.0
YRQSMNNFQGLRSFGCRFGTCTVQKLAHQIYQFTDKDKDNVAPRSKISPQGY,67.5
GCRFGTCT,67.5
FNAPFDVGIKLSGAQYQQHGRAL,1320.0
FNAPFDVGIKLSGVQYQQHSQAL,3906.0
FNAPFDVGIKLSGVQYQQHSQAL,906.0
ASISGRDTHRLTRTLNCSSIVKEIIGKLPEPELKTDDEGPSLRNKSFRRVNLSKFVESQGEVDPEDRYVIKSNLQKLNCCLPTSANDSALPGVFIRDLDDFRKKLRFYMVHLNDLETVLTSRPPQPASGSVSPNRGTVEC,126.0
HPAGKRPCKMQAFRIWDTNQKTFYLRNNQLIAGYLQGPNTKLEEKIDMVPIDFRNVFLGIHGGKLCLSCVKSGDDTKLQLEEVNITDLNKNKEEDKRFTFIRSETGPTTSFESLACPGWFLCTTLEADHPVSLTNTPKEPCTVTKFYFQEDQ,630.0
